date,department,total_beds,occupied_beds,occupancy_rate_pct
2023-01-01,Emergency,30,30,100.0
2023-01-01,Cardiology,40,21,52.5
2023-01-01,Orthopedics,35,30,85.7
2023-01-01,Neurology,30,17,56.7
2023-01-01,Oncology,45,27,60.0
2023-01-01,General Surgery,50,48,96.0
2023-01-01,Pediatrics,25,22,88.0
2023-01-01,ICU,20,10,50.0
2023-01-02,Emergency,30,19,63.3
2023-01-02,Cardiology,40,38,95.0
2023-01-02,Orthopedics,35,32,91.4
2023-01-02,Neurology,30,20,66.7
2023-01-02,Oncology,45,24,53.3
2023-01-02,General Surgery,50,25,50.0
2023-01-02,Pediatrics,25,23,92.0
2023-01-02,ICU,20,11,55.0
2023-01-03,Emergency,30,17,56.7
2023-01-03,Cardiology,40,25,62.5
2023-01-03,Orthopedics,35,22,62.9
2023-01-03,Neurology,30,25,83.3
2023-01-03,Oncology,45,24,53.3
2023-01-03,General Surgery,50,42,84.0
2023-01-03,Pediatrics,25,13,52.0
2023-01-03,ICU,20,15,75.0
2023-01-04,Emergency,30,29,96.7
2023-01-04,Cardiology,40,33,82.5
2023-01-04,Orthopedics,35,25,71.4
2023-01-04,Neurology,30,30,100.0
2023-01-04,Oncology,45,26,57.8
2023-01-04,General Surgery,50,50,100.0
2023-01-04,Pediatrics,25,17,68.0
2023-01-04,ICU,20,19,95.0
2023-01-05,Emergency,30,30,100.0
2023-01-05,Cardiology,40,27,67.5
2023-01-05,Orthopedics,35,26,74.3
2023-01-05,Neurology,30,20,66.7
2023-01-05,Oncology,45,30,66.7
2023-01-05,General Surgery,50,45,90.0
2023-01-05,Pediatrics,25,18,72.0
2023-01-05,ICU,20,17,85.0
2023-01-06,Emergency,30,30,100.0
2023-01-06,Cardiology,40,28,70.0
2023-01-06,Orthopedics,35,23,65.7
2023-01-06,Neurology,30,21,70.0
2023-01-06,Oncology,45,32,71.1
2023-01-06,General Surgery,50,44,88.0
2023-01-06,Pediatrics,25,15,60.0
2023-01-06,ICU,20,17,85.0
2023-01-07,Emergency,30,15,50.0
2023-01-07,Cardiology,40,24,60.0
2023-01-07,Orthopedics,35,21,60.0
2023-01-07,Neurology,30,18,60.0
2023-01-07,Oncology,45,31,68.9
2023-01-07,General Surgery,50,41,82.0
2023-01-07,Pediatrics,25,25,100.0
2023-01-07,ICU,20,14,70.0
2023-01-08,Emergency,30,15,50.0
2023-01-08,Cardiology,40,26,65.0
2023-01-08,Orthopedics,35,35,100.0
2023-01-08,Neurology,30,17,56.7
2023-01-08,Oncology,45,25,55.6
2023-01-08,General Surgery,50,42,84.0
2023-01-08,Pediatrics,25,23,92.0
2023-01-08,ICU,20,13,65.0
2023-01-09,Emergency,30,21,70.0
2023-01-09,Cardiology,40,23,57.5
2023-01-09,Orthopedics,35,17,48.6
2023-01-09,Neurology,30,17,56.7
2023-01-09,Oncology,45,25,55.6
2023-01-09,General Surgery,50,43,86.0
2023-01-09,Pediatrics,25,13,52.0
2023-01-09,ICU,20,17,85.0
2023-01-10,Emergency,30,28,93.3
2023-01-10,Cardiology,40,24,60.0
2023-01-10,Orthopedics,35,35,100.0
2023-01-10,Neurology,30,25,83.3
2023-01-10,Oncology,45,37,82.2
2023-01-10,General Surgery,50,49,98.0
2023-01-10,Pediatrics,25,18,72.0
2023-01-10,ICU,20,14,70.0
2023-01-11,Emergency,30,20,66.7
2023-01-11,Cardiology,40,29,72.5
2023-01-11,Orthopedics,35,17,48.6
2023-01-11,Neurology,30,19,63.3
2023-01-11,Oncology,45,40,88.9
2023-01-11,General Surgery,50,37,74.0
2023-01-11,Pediatrics,25,15,60.0
2023-01-11,ICU,20,19,95.0
2023-01-12,Emergency,30,19,63.3
2023-01-12,Cardiology,40,22,55.0
2023-01-12,Orthopedics,35,35,100.0
2023-01-12,Neurology,30,15,50.0
2023-01-12,Oncology,45,22,48.9
2023-01-12,General Surgery,50,36,72.0
2023-01-12,Pediatrics,25,22,88.0
2023-01-12,ICU,20,16,80.0
2023-01-13,Emergency,30,18,60.0
2023-01-13,Cardiology,40,39,97.5
2023-01-13,Orthopedics,35,21,60.0
2023-01-13,Neurology,30,28,93.3
2023-01-13,Oncology,45,38,84.4
2023-01-13,General Surgery,50,45,90.0
2023-01-13,Pediatrics,25,21,84.0
2023-01-13,ICU,20,12,60.0
2023-01-14,Emergency,30,19,63.3
2023-01-14,Cardiology,40,26,65.0
2023-01-14,Orthopedics,35,31,88.6
2023-01-14,Neurology,30,27,90.0
2023-01-14,Oncology,45,38,84.4
2023-01-14,General Surgery,50,48,96.0
2023-01-14,Pediatrics,25,15,60.0
2023-01-14,ICU,20,20,100.0
2023-01-15,Emergency,30,19,63.3
2023-01-15,Cardiology,40,30,75.0
2023-01-15,Orthopedics,35,30,85.7
2023-01-15,Neurology,30,20,66.7
2023-01-15,Oncology,45,26,57.8
2023-01-15,General Surgery,50,38,76.0
2023-01-15,Pediatrics,25,20,80.0
2023-01-15,ICU,20,14,70.0
2023-01-16,Emergency,30,20,66.7
2023-01-16,Cardiology,40,36,90.0
2023-01-16,Orthopedics,35,27,77.1
2023-01-16,Neurology,30,30,100.0
2023-01-16,Oncology,45,28,62.2
2023-01-16,General Surgery,50,40,80.0
2023-01-16,Pediatrics,25,16,64.0
2023-01-16,ICU,20,12,60.0
2023-01-17,Emergency,30,24,80.0
2023-01-17,Cardiology,40,20,50.0
2023-01-17,Orthopedics,35,27,77.1
2023-01-17,Neurology,30,27,90.0
2023-01-17,Oncology,45,32,71.1
2023-01-17,General Surgery,50,29,58.0
2023-01-17,Pediatrics,25,22,88.0
2023-01-17,ICU,20,11,55.0
2023-01-18,Emergency,30,23,76.7
2023-01-18,Cardiology,40,32,80.0
2023-01-18,Orthopedics,35,21,60.0
2023-01-18,Neurology,30,23,76.7
2023-01-18,Oncology,45,22,48.9
2023-01-18,General Surgery,50,47,94.0
2023-01-18,Pediatrics,25,20,80.0
2023-01-18,ICU,20,20,100.0
2023-01-19,Emergency,30,19,63.3
2023-01-19,Cardiology,40,39,97.5
2023-01-19,Orthopedics,35,25,71.4
2023-01-19,Neurology,30,25,83.3
2023-01-19,Oncology,45,39,86.7
2023-01-19,General Surgery,50,46,92.0
2023-01-19,Pediatrics,25,14,56.0
2023-01-19,ICU,20,17,85.0
2023-01-20,Emergency,30,17,56.7
2023-01-20,Cardiology,40,29,72.5
2023-01-20,Orthopedics,35,23,65.7
2023-01-20,Neurology,30,21,70.0
2023-01-20,Oncology,45,38,84.4
2023-01-20,General Surgery,50,29,58.0
2023-01-20,Pediatrics,25,14,56.0
2023-01-20,ICU,20,16,80.0
2023-01-21,Emergency,30,24,80.0
2023-01-21,Cardiology,40,34,85.0
2023-01-21,Orthopedics,35,32,91.4
2023-01-21,Neurology,30,23,76.7
2023-01-21,Oncology,45,29,64.4
2023-01-21,General Surgery,50,41,82.0
2023-01-21,Pediatrics,25,24,96.0
2023-01-21,ICU,20,15,75.0
2023-01-22,Emergency,30,28,93.3
2023-01-22,Cardiology,40,24,60.0
2023-01-22,Orthopedics,35,33,94.3
2023-01-22,Neurology,30,19,63.3
2023-01-22,Oncology,45,43,95.6
2023-01-22,General Surgery,50,26,52.0
2023-01-22,Pediatrics,25,18,72.0
2023-01-22,ICU,20,20,100.0
2023-01-23,Emergency,30,23,76.7
2023-01-23,Cardiology,40,32,80.0
2023-01-23,Orthopedics,35,28,80.0
2023-01-23,Neurology,30,21,70.0
2023-01-23,Oncology,45,45,100.0
2023-01-23,General Surgery,50,47,94.0
2023-01-23,Pediatrics,25,22,88.0
2023-01-23,ICU,20,19,95.0
2023-01-24,Emergency,30,23,76.7
2023-01-24,Cardiology,40,33,82.5
2023-01-24,Orthopedics,35,30,85.7
2023-01-24,Neurology,30,20,66.7
2023-01-24,Oncology,45,32,71.1
2023-01-24,General Surgery,50,38,76.0
2023-01-24,Pediatrics,25,19,76.0
2023-01-24,ICU,20,10,50.0
2023-01-25,Emergency,30,18,60.0
2023-01-25,Cardiology,40,36,90.0
2023-01-25,Orthopedics,35,23,65.7
2023-01-25,Neurology,30,16,53.3
2023-01-25,Oncology,45,26,57.8
2023-01-25,General Surgery,50,37,74.0
2023-01-25,Pediatrics,25,21,84.0
2023-01-25,ICU,20,16,80.0
2023-01-26,Emergency,30,20,66.7
2023-01-26,Cardiology,40,40,100.0
2023-01-26,Orthopedics,35,31,88.6
2023-01-26,Neurology,30,25,83.3
2023-01-26,Oncology,45,27,60.0
2023-01-26,General Surgery,50,32,64.0
2023-01-26,Pediatrics,25,12,48.0
2023-01-26,ICU,20,11,55.0
2023-01-27,Emergency,30,25,83.3
2023-01-27,Cardiology,40,31,77.5
2023-01-27,Orthopedics,35,31,88.6
2023-01-27,Neurology,30,22,73.3
2023-01-27,Oncology,45,26,57.8
2023-01-27,General Surgery,50,39,78.0
2023-01-27,Pediatrics,25,22,88.0
2023-01-27,ICU,20,16,80.0
2023-01-28,Emergency,30,22,73.3
2023-01-28,Cardiology,40,28,70.0
2023-01-28,Orthopedics,35,32,91.4
2023-01-28,Neurology,30,26,86.7
2023-01-28,Oncology,45,28,62.2
2023-01-28,General Surgery,50,34,68.0
2023-01-28,Pediatrics,25,25,100.0
2023-01-28,ICU,20,19,95.0
2023-01-29,Emergency,30,16,53.3
2023-01-29,Cardiology,40,38,95.0
2023-01-29,Orthopedics,35,32,91.4
2023-01-29,Neurology,30,26,86.7
2023-01-29,Oncology,45,25,55.6
2023-01-29,General Surgery,50,44,88.0
2023-01-29,Pediatrics,25,23,92.0
2023-01-29,ICU,20,15,75.0
2023-01-30,Emergency,30,20,66.7
2023-01-30,Cardiology,40,36,90.0
2023-01-30,Orthopedics,35,31,88.6
2023-01-30,Neurology,30,17,56.7
2023-01-30,Oncology,45,45,100.0
2023-01-30,General Surgery,50,47,94.0
2023-01-30,Pediatrics,25,15,60.0
2023-01-30,ICU,20,15,75.0
2023-01-31,Emergency,30,24,80.0
2023-01-31,Cardiology,40,37,92.5
2023-01-31,Orthopedics,35,29,82.9
2023-01-31,Neurology,30,18,60.0
2023-01-31,Oncology,45,22,48.9
2023-01-31,General Surgery,50,30,60.0
2023-01-31,Pediatrics,25,21,84.0
2023-01-31,ICU,20,14,70.0
2023-02-01,Emergency,30,21,70.0
2023-02-01,Cardiology,40,24,60.0
2023-02-01,Orthopedics,35,32,91.4
2023-02-01,Neurology,30,26,86.7
2023-02-01,Oncology,45,27,60.0
2023-02-01,General Surgery,50,33,66.0
2023-02-01,Pediatrics,25,16,64.0
2023-02-01,ICU,20,14,70.0
2023-02-02,Emergency,30,21,70.0
2023-02-02,Cardiology,40,39,97.5
2023-02-02,Orthopedics,35,18,51.4
2023-02-02,Neurology,30,30,100.0
2023-02-02,Oncology,45,33,73.3
2023-02-02,General Surgery,50,32,64.0
2023-02-02,Pediatrics,25,25,100.0
2023-02-02,ICU,20,14,70.0
2023-02-03,Emergency,30,15,50.0
2023-02-03,Cardiology,40,23,57.5
2023-02-03,Orthopedics,35,28,80.0
2023-02-03,Neurology,30,30,100.0
2023-02-03,Oncology,45,44,97.8
2023-02-03,General Surgery,50,34,68.0
2023-02-03,Pediatrics,25,23,92.0
2023-02-03,ICU,20,16,80.0
2023-02-04,Emergency,30,21,70.0
2023-02-04,Cardiology,40,27,67.5
2023-02-04,Orthopedics,35,33,94.3
2023-02-04,Neurology,30,25,83.3
2023-02-04,Oncology,45,37,82.2
2023-02-04,General Surgery,50,32,64.0
2023-02-04,Pediatrics,25,20,80.0
2023-02-04,ICU,20,12,60.0
2023-02-05,Emergency,30,23,76.7
2023-02-05,Cardiology,40,20,50.0
2023-02-05,Orthopedics,35,32,91.4
2023-02-05,Neurology,30,16,53.3
2023-02-05,Oncology,45,24,53.3
2023-02-05,General Surgery,50,31,62.0
2023-02-05,Pediatrics,25,22,88.0
2023-02-05,ICU,20,20,100.0
2023-02-06,Emergency,30,18,60.0
2023-02-06,Cardiology,40,40,100.0
2023-02-06,Orthopedics,35,17,48.6
2023-02-06,Neurology,30,15,50.0
2023-02-06,Oncology,45,26,57.8
2023-02-06,General Surgery,50,46,92.0
2023-02-06,Pediatrics,25,22,88.0
2023-02-06,ICU,20,12,60.0
2023-02-07,Emergency,30,23,76.7
2023-02-07,Cardiology,40,30,75.0
2023-02-07,Orthopedics,35,29,82.9
2023-02-07,Neurology,30,24,80.0
2023-02-07,Oncology,45,33,73.3
2023-02-07,General Surgery,50,28,56.0
2023-02-07,Pediatrics,25,19,76.0
2023-02-07,ICU,20,12,60.0
2023-02-08,Emergency,30,19,63.3
2023-02-08,Cardiology,40,34,85.0
2023-02-08,Orthopedics,35,18,51.4
2023-02-08,Neurology,30,15,50.0
2023-02-08,Oncology,45,37,82.2
2023-02-08,General Surgery,50,45,90.0
2023-02-08,Pediatrics,25,12,48.0
2023-02-08,ICU,20,16,80.0
2023-02-09,Emergency,30,20,66.7
2023-02-09,Cardiology,40,30,75.0
2023-02-09,Orthopedics,35,35,100.0
2023-02-09,Neurology,30,18,60.0
2023-02-09,Oncology,45,29,64.4
2023-02-09,General Surgery,50,37,74.0
2023-02-09,Pediatrics,25,18,72.0
2023-02-09,ICU,20,12,60.0
2023-02-10,Emergency,30,22,73.3
2023-02-10,Cardiology,40,20,50.0
2023-02-10,Orthopedics,35,31,88.6
2023-02-10,Neurology,30,30,100.0
2023-02-10,Oncology,45,39,86.7
2023-02-10,General Surgery,50,33,66.0
2023-02-10,Pediatrics,25,17,68.0
2023-02-10,ICU,20,10,50.0
2023-02-11,Emergency,30,21,70.0
2023-02-11,Cardiology,40,20,50.0
2023-02-11,Orthopedics,35,30,85.7
2023-02-11,Neurology,30,17,56.7
2023-02-11,Oncology,45,25,55.6
2023-02-11,General Surgery,50,39,78.0
2023-02-11,Pediatrics,25,14,56.0
2023-02-11,ICU,20,19,95.0
2023-02-12,Emergency,30,30,100.0
2023-02-12,Cardiology,40,30,75.0
2023-02-12,Orthopedics,35,31,88.6
2023-02-12,Neurology,30,16,53.3
2023-02-12,Oncology,45,35,77.8
2023-02-12,General Surgery,50,30,60.0
2023-02-12,Pediatrics,25,20,80.0
2023-02-12,ICU,20,10,50.0
2023-02-13,Emergency,30,26,86.7
2023-02-13,Cardiology,40,32,80.0
2023-02-13,Orthopedics,35,22,62.9
2023-02-13,Neurology,30,22,73.3
2023-02-13,Oncology,45,30,66.7
2023-02-13,General Surgery,50,43,86.0
2023-02-13,Pediatrics,25,25,100.0
2023-02-13,ICU,20,12,60.0
2023-02-14,Emergency,30,21,70.0
2023-02-14,Cardiology,40,32,80.0
2023-02-14,Orthopedics,35,24,68.6
2023-02-14,Neurology,30,22,73.3
2023-02-14,Oncology,45,42,93.3
2023-02-14,General Surgery,50,44,88.0
2023-02-14,Pediatrics,25,19,76.0
2023-02-14,ICU,20,11,55.0
2023-02-15,Emergency,30,30,100.0
2023-02-15,Cardiology,40,24,60.0
2023-02-15,Orthopedics,35,35,100.0
2023-02-15,Neurology,30,17,56.7
2023-02-15,Oncology,45,33,73.3
2023-02-15,General Surgery,50,25,50.0
2023-02-15,Pediatrics,25,17,68.0
2023-02-15,ICU,20,14,70.0
2023-02-16,Emergency,30,27,90.0
2023-02-16,Cardiology,40,36,90.0
2023-02-16,Orthopedics,35,30,85.7
2023-02-16,Neurology,30,20,66.7
2023-02-16,Oncology,45,26,57.8
2023-02-16,General Surgery,50,35,70.0
2023-02-16,Pediatrics,25,15,60.0
2023-02-16,ICU,20,15,75.0
2023-02-17,Emergency,30,22,73.3
2023-02-17,Cardiology,40,38,95.0
2023-02-17,Orthopedics,35,21,60.0
2023-02-17,Neurology,30,24,80.0
2023-02-17,Oncology,45,38,84.4
2023-02-17,General Surgery,50,34,68.0
2023-02-17,Pediatrics,25,18,72.0
2023-02-17,ICU,20,17,85.0
2023-02-18,Emergency,30,21,70.0
2023-02-18,Cardiology,40,40,100.0
2023-02-18,Orthopedics,35,27,77.1
2023-02-18,Neurology,30,29,96.7
2023-02-18,Oncology,45,41,91.1
2023-02-18,General Surgery,50,42,84.0
2023-02-18,Pediatrics,25,20,80.0
2023-02-18,ICU,20,16,80.0
2023-02-19,Emergency,30,20,66.7
2023-02-19,Cardiology,40,21,52.5
2023-02-19,Orthopedics,35,26,74.3
2023-02-19,Neurology,30,25,83.3
2023-02-19,Oncology,45,43,95.6
2023-02-19,General Surgery,50,41,82.0
2023-02-19,Pediatrics,25,25,100.0
2023-02-19,ICU,20,14,70.0
2023-02-20,Emergency,30,18,60.0
2023-02-20,Cardiology,40,21,52.5
2023-02-20,Orthopedics,35,33,94.3
2023-02-20,Neurology,30,29,96.7
2023-02-20,Oncology,45,36,80.0
2023-02-20,General Surgery,50,50,100.0
2023-02-20,Pediatrics,25,21,84.0
2023-02-20,ICU,20,10,50.0
2023-02-21,Emergency,30,26,86.7
2023-02-21,Cardiology,40,28,70.0
2023-02-21,Orthopedics,35,20,57.1
2023-02-21,Neurology,30,20,66.7
2023-02-21,Oncology,45,22,48.9
2023-02-21,General Surgery,50,34,68.0
2023-02-21,Pediatrics,25,19,76.0
2023-02-21,ICU,20,17,85.0
2023-02-22,Emergency,30,17,56.7
2023-02-22,Cardiology,40,21,52.5
2023-02-22,Orthopedics,35,24,68.6
2023-02-22,Neurology,30,28,93.3
2023-02-22,Oncology,45,36,80.0
2023-02-22,General Surgery,50,41,82.0
2023-02-22,Pediatrics,25,15,60.0
2023-02-22,ICU,20,17,85.0
2023-02-23,Emergency,30,15,50.0
2023-02-23,Cardiology,40,29,72.5
2023-02-23,Orthopedics,35,23,65.7
2023-02-23,Neurology,30,26,86.7
2023-02-23,Oncology,45,43,95.6
2023-02-23,General Surgery,50,30,60.0
2023-02-23,Pediatrics,25,13,52.0
2023-02-23,ICU,20,15,75.0
2023-02-24,Emergency,30,15,50.0
2023-02-24,Cardiology,40,29,72.5
2023-02-24,Orthopedics,35,35,100.0
2023-02-24,Neurology,30,22,73.3
2023-02-24,Oncology,45,28,62.2
2023-02-24,General Surgery,50,30,60.0
2023-02-24,Pediatrics,25,17,68.0
2023-02-24,ICU,20,18,90.0
2023-02-25,Emergency,30,26,86.7
2023-02-25,Cardiology,40,25,62.5
2023-02-25,Orthopedics,35,28,80.0
2023-02-25,Neurology,30,23,76.7
2023-02-25,Oncology,45,27,60.0
2023-02-25,General Surgery,50,42,84.0
2023-02-25,Pediatrics,25,25,100.0
2023-02-25,ICU,20,16,80.0
2023-02-26,Emergency,30,25,83.3
2023-02-26,Cardiology,40,40,100.0
2023-02-26,Orthopedics,35,32,91.4
2023-02-26,Neurology,30,15,50.0
2023-02-26,Oncology,45,31,68.9
2023-02-26,General Surgery,50,30,60.0
2023-02-26,Pediatrics,25,12,48.0
2023-02-26,ICU,20,18,90.0
2023-02-27,Emergency,30,30,100.0
2023-02-27,Cardiology,40,37,92.5
2023-02-27,Orthopedics,35,18,51.4
2023-02-27,Neurology,30,26,86.7
2023-02-27,Oncology,45,30,66.7
2023-02-27,General Surgery,50,26,52.0
2023-02-27,Pediatrics,25,16,64.0
2023-02-27,ICU,20,13,65.0
2023-02-28,Emergency,30,15,50.0
2023-02-28,Cardiology,40,40,100.0
2023-02-28,Orthopedics,35,25,71.4
2023-02-28,Neurology,30,22,73.3
2023-02-28,Oncology,45,23,51.1
2023-02-28,General Surgery,50,39,78.0
2023-02-28,Pediatrics,25,17,68.0
2023-02-28,ICU,20,10,50.0
2023-03-01,Emergency,30,21,70.0
2023-03-01,Cardiology,40,31,77.5
2023-03-01,Orthopedics,35,25,71.4
2023-03-01,Neurology,30,30,100.0
2023-03-01,Oncology,45,28,62.2
2023-03-01,General Surgery,50,32,64.0
2023-03-01,Pediatrics,25,23,92.0
2023-03-01,ICU,20,10,50.0
2023-03-02,Emergency,30,20,66.7
2023-03-02,Cardiology,40,29,72.5
2023-03-02,Orthopedics,35,32,91.4
2023-03-02,Neurology,30,28,93.3
2023-03-02,Oncology,45,41,91.1
2023-03-02,General Surgery,50,46,92.0
2023-03-02,Pediatrics,25,13,52.0
2023-03-02,ICU,20,15,75.0
2023-03-03,Emergency,30,24,80.0
2023-03-03,Cardiology,40,23,57.5
2023-03-03,Orthopedics,35,22,62.9
2023-03-03,Neurology,30,24,80.0
2023-03-03,Oncology,45,25,55.6
2023-03-03,General Surgery,50,39,78.0
2023-03-03,Pediatrics,25,15,60.0
2023-03-03,ICU,20,17,85.0
2023-03-04,Emergency,30,25,83.3
2023-03-04,Cardiology,40,34,85.0
2023-03-04,Orthopedics,35,33,94.3
2023-03-04,Neurology,30,17,56.7
2023-03-04,Oncology,45,22,48.9
2023-03-04,General Surgery,50,29,58.0
2023-03-04,Pediatrics,25,12,48.0
2023-03-04,ICU,20,15,75.0
2023-03-05,Emergency,30,29,96.7
2023-03-05,Cardiology,40,36,90.0
2023-03-05,Orthopedics,35,19,54.3
2023-03-05,Neurology,30,26,86.7
2023-03-05,Oncology,45,29,64.4
2023-03-05,General Surgery,50,43,86.0
2023-03-05,Pediatrics,25,18,72.0
2023-03-05,ICU,20,10,50.0
2023-03-06,Emergency,30,22,73.3
2023-03-06,Cardiology,40,38,95.0
2023-03-06,Orthopedics,35,23,65.7
2023-03-06,Neurology,30,25,83.3
2023-03-06,Oncology,45,29,64.4
2023-03-06,General Surgery,50,33,66.0
2023-03-06,Pediatrics,25,12,48.0
2023-03-06,ICU,20,17,85.0
2023-03-07,Emergency,30,24,80.0
2023-03-07,Cardiology,40,30,75.0
2023-03-07,Orthopedics,35,25,71.4
2023-03-07,Neurology,30,28,93.3
2023-03-07,Oncology,45,36,80.0
2023-03-07,General Surgery,50,47,94.0
2023-03-07,Pediatrics,25,23,92.0
2023-03-07,ICU,20,16,80.0
2023-03-08,Emergency,30,19,63.3
2023-03-08,Cardiology,40,23,57.5
2023-03-08,Orthopedics,35,33,94.3
2023-03-08,Neurology,30,28,93.3
2023-03-08,Oncology,45,24,53.3
2023-03-08,General Surgery,50,36,72.0
2023-03-08,Pediatrics,25,25,100.0
2023-03-08,ICU,20,13,65.0
2023-03-09,Emergency,30,26,86.7
2023-03-09,Cardiology,40,39,97.5
2023-03-09,Orthopedics,35,26,74.3
2023-03-09,Neurology,30,17,56.7
2023-03-09,Oncology,45,40,88.9
2023-03-09,General Surgery,50,29,58.0
2023-03-09,Pediatrics,25,12,48.0
2023-03-09,ICU,20,17,85.0
2023-03-10,Emergency,30,17,56.7
2023-03-10,Cardiology,40,32,80.0
2023-03-10,Orthopedics,35,25,71.4
2023-03-10,Neurology,30,19,63.3
2023-03-10,Oncology,45,39,86.7
2023-03-10,General Surgery,50,50,100.0
2023-03-10,Pediatrics,25,24,96.0
2023-03-10,ICU,20,13,65.0
2023-03-11,Emergency,30,27,90.0
2023-03-11,Cardiology,40,38,95.0
2023-03-11,Orthopedics,35,24,68.6
2023-03-11,Neurology,30,29,96.7
2023-03-11,Oncology,45,23,51.1
2023-03-11,General Surgery,50,49,98.0
2023-03-11,Pediatrics,25,24,96.0
2023-03-11,ICU,20,16,80.0
2023-03-12,Emergency,30,15,50.0
2023-03-12,Cardiology,40,37,92.5
2023-03-12,Orthopedics,35,29,82.9
2023-03-12,Neurology,30,30,100.0
2023-03-12,Oncology,45,24,53.3
2023-03-12,General Surgery,50,34,68.0
2023-03-12,Pediatrics,25,21,84.0
2023-03-12,ICU,20,13,65.0
2023-03-13,Emergency,30,18,60.0
2023-03-13,Cardiology,40,39,97.5
2023-03-13,Orthopedics,35,35,100.0
2023-03-13,Neurology,30,23,76.7
2023-03-13,Oncology,45,34,75.6
2023-03-13,General Surgery,50,46,92.0
2023-03-13,Pediatrics,25,19,76.0
2023-03-13,ICU,20,16,80.0
2023-03-14,Emergency,30,16,53.3
2023-03-14,Cardiology,40,24,60.0
2023-03-14,Orthopedics,35,22,62.9
2023-03-14,Neurology,30,16,53.3
2023-03-14,Oncology,45,28,62.2
2023-03-14,General Surgery,50,42,84.0
2023-03-14,Pediatrics,25,18,72.0
2023-03-14,ICU,20,16,80.0
2023-03-15,Emergency,30,18,60.0
2023-03-15,Cardiology,40,40,100.0
2023-03-15,Orthopedics,35,33,94.3
2023-03-15,Neurology,30,22,73.3
2023-03-15,Oncology,45,26,57.8
2023-03-15,General Surgery,50,28,56.0
2023-03-15,Pediatrics,25,12,48.0
2023-03-15,ICU,20,20,100.0
2023-03-16,Emergency,30,15,50.0
2023-03-16,Cardiology,40,29,72.5
2023-03-16,Orthopedics,35,33,94.3
2023-03-16,Neurology,30,22,73.3
2023-03-16,Oncology,45,30,66.7
2023-03-16,General Surgery,50,48,96.0
2023-03-16,Pediatrics,25,15,60.0
2023-03-16,ICU,20,13,65.0
2023-03-17,Emergency,30,26,86.7
2023-03-17,Cardiology,40,32,80.0
2023-03-17,Orthopedics,35,20,57.1
2023-03-17,Neurology,30,24,80.0
2023-03-17,Oncology,45,33,73.3
2023-03-17,General Surgery,50,31,62.0
2023-03-17,Pediatrics,25,12,48.0
2023-03-17,ICU,20,17,85.0
2023-03-18,Emergency,30,26,86.7
2023-03-18,Cardiology,40,38,95.0
2023-03-18,Orthopedics,35,27,77.1
2023-03-18,Neurology,30,19,63.3
2023-03-18,Oncology,45,27,60.0
2023-03-18,General Surgery,50,32,64.0
2023-03-18,Pediatrics,25,17,68.0
2023-03-18,ICU,20,13,65.0
2023-03-19,Emergency,30,22,73.3
2023-03-19,Cardiology,40,36,90.0
2023-03-19,Orthopedics,35,28,80.0
2023-03-19,Neurology,30,19,63.3
2023-03-19,Oncology,45,33,73.3
2023-03-19,General Surgery,50,25,50.0
2023-03-19,Pediatrics,25,19,76.0
2023-03-19,ICU,20,11,55.0
2023-03-20,Emergency,30,18,60.0
2023-03-20,Cardiology,40,26,65.0
2023-03-20,Orthopedics,35,23,65.7
2023-03-20,Neurology,30,28,93.3
2023-03-20,Oncology,45,36,80.0
2023-03-20,General Surgery,50,25,50.0
2023-03-20,Pediatrics,25,17,68.0
2023-03-20,ICU,20,15,75.0
2023-03-21,Emergency,30,26,86.7
2023-03-21,Cardiology,40,26,65.0
2023-03-21,Orthopedics,35,20,57.1
2023-03-21,Neurology,30,22,73.3
2023-03-21,Oncology,45,39,86.7
2023-03-21,General Surgery,50,45,90.0
2023-03-21,Pediatrics,25,13,52.0
2023-03-21,ICU,20,17,85.0
2023-03-22,Emergency,30,27,90.0
2023-03-22,Cardiology,40,37,92.5
2023-03-22,Orthopedics,35,21,60.0
2023-03-22,Neurology,30,21,70.0
2023-03-22,Oncology,45,26,57.8
2023-03-22,General Surgery,50,49,98.0
2023-03-22,Pediatrics,25,14,56.0
2023-03-22,ICU,20,13,65.0
2023-03-23,Emergency,30,20,66.7
2023-03-23,Cardiology,40,34,85.0
2023-03-23,Orthopedics,35,18,51.4
2023-03-23,Neurology,30,26,86.7
2023-03-23,Oncology,45,40,88.9
2023-03-23,General Surgery,50,32,64.0
2023-03-23,Pediatrics,25,16,64.0
2023-03-23,ICU,20,14,70.0
2023-03-24,Emergency,30,24,80.0
2023-03-24,Cardiology,40,32,80.0
2023-03-24,Orthopedics,35,21,60.0
2023-03-24,Neurology,30,21,70.0
2023-03-24,Oncology,45,27,60.0
2023-03-24,General Surgery,50,36,72.0
2023-03-24,Pediatrics,25,25,100.0
2023-03-24,ICU,20,14,70.0
2023-03-25,Emergency,30,16,53.3
2023-03-25,Cardiology,40,32,80.0
2023-03-25,Orthopedics,35,19,54.3
2023-03-25,Neurology,30,29,96.7
2023-03-25,Oncology,45,25,55.6
2023-03-25,General Surgery,50,38,76.0
2023-03-25,Pediatrics,25,18,72.0
2023-03-25,ICU,20,16,80.0
2023-03-26,Emergency,30,23,76.7
2023-03-26,Cardiology,40,38,95.0
2023-03-26,Orthopedics,35,30,85.7
2023-03-26,Neurology,30,18,60.0
2023-03-26,Oncology,45,31,68.9
2023-03-26,General Surgery,50,41,82.0
2023-03-26,Pediatrics,25,22,88.0
2023-03-26,ICU,20,11,55.0
2023-03-27,Emergency,30,23,76.7
2023-03-27,Cardiology,40,31,77.5
2023-03-27,Orthopedics,35,34,97.1
2023-03-27,Neurology,30,26,86.7
2023-03-27,Oncology,45,41,91.1
2023-03-27,General Surgery,50,50,100.0
2023-03-27,Pediatrics,25,18,72.0
2023-03-27,ICU,20,11,55.0
2023-03-28,Emergency,30,28,93.3
2023-03-28,Cardiology,40,38,95.0
2023-03-28,Orthopedics,35,31,88.6
2023-03-28,Neurology,30,18,60.0
2023-03-28,Oncology,45,39,86.7
2023-03-28,General Surgery,50,38,76.0
2023-03-28,Pediatrics,25,23,92.0
2023-03-28,ICU,20,16,80.0
2023-03-29,Emergency,30,19,63.3
2023-03-29,Cardiology,40,40,100.0
2023-03-29,Orthopedics,35,27,77.1
2023-03-29,Neurology,30,25,83.3
2023-03-29,Oncology,45,35,77.8
2023-03-29,General Surgery,50,40,80.0
2023-03-29,Pediatrics,25,22,88.0
2023-03-29,ICU,20,11,55.0
2023-03-30,Emergency,30,29,96.7
2023-03-30,Cardiology,40,30,75.0
2023-03-30,Orthopedics,35,27,77.1
2023-03-30,Neurology,30,19,63.3
2023-03-30,Oncology,45,42,93.3
2023-03-30,General Surgery,50,41,82.0
2023-03-30,Pediatrics,25,23,92.0
2023-03-30,ICU,20,14,70.0
2023-03-31,Emergency,30,27,90.0
2023-03-31,Cardiology,40,37,92.5
2023-03-31,Orthopedics,35,25,71.4
2023-03-31,Neurology,30,26,86.7
2023-03-31,Oncology,45,39,86.7
2023-03-31,General Surgery,50,37,74.0
2023-03-31,Pediatrics,25,20,80.0
2023-03-31,ICU,20,15,75.0
2023-04-01,Emergency,30,16,53.3
2023-04-01,Cardiology,40,24,60.0
2023-04-01,Orthopedics,35,19,54.3
2023-04-01,Neurology,30,15,50.0
2023-04-01,Oncology,45,39,86.7
2023-04-01,General Surgery,50,30,60.0
2023-04-01,Pediatrics,25,21,84.0
2023-04-01,ICU,20,14,70.0
2023-04-02,Emergency,30,23,76.7
2023-04-02,Cardiology,40,21,52.5
2023-04-02,Orthopedics,35,18,51.4
2023-04-02,Neurology,30,22,73.3
2023-04-02,Oncology,45,35,77.8
2023-04-02,General Surgery,50,37,74.0
2023-04-02,Pediatrics,25,16,64.0
2023-04-02,ICU,20,12,60.0
2023-04-03,Emergency,30,27,90.0
2023-04-03,Cardiology,40,22,55.0
2023-04-03,Orthopedics,35,23,65.7
2023-04-03,Neurology,30,23,76.7
2023-04-03,Oncology,45,27,60.0
2023-04-03,General Surgery,50,43,86.0
2023-04-03,Pediatrics,25,25,100.0
2023-04-03,ICU,20,15,75.0
2023-04-04,Emergency,30,19,63.3
2023-04-04,Cardiology,40,36,90.0
2023-04-04,Orthopedics,35,32,91.4
2023-04-04,Neurology,30,27,90.0
2023-04-04,Oncology,45,35,77.8
2023-04-04,General Surgery,50,32,64.0
2023-04-04,Pediatrics,25,15,60.0
2023-04-04,ICU,20,17,85.0
2023-04-05,Emergency,30,30,100.0
2023-04-05,Cardiology,40,23,57.5
2023-04-05,Orthopedics,35,34,97.1
2023-04-05,Neurology,30,29,96.7
2023-04-05,Oncology,45,33,73.3
2023-04-05,General Surgery,50,36,72.0
2023-04-05,Pediatrics,25,18,72.0
2023-04-05,ICU,20,13,65.0
2023-04-06,Emergency,30,26,86.7
2023-04-06,Cardiology,40,29,72.5
2023-04-06,Orthopedics,35,30,85.7
2023-04-06,Neurology,30,24,80.0
2023-04-06,Oncology,45,43,95.6
2023-04-06,General Surgery,50,39,78.0
2023-04-06,Pediatrics,25,24,96.0
2023-04-06,ICU,20,14,70.0
2023-04-07,Emergency,30,23,76.7
2023-04-07,Cardiology,40,22,55.0
2023-04-07,Orthopedics,35,32,91.4
2023-04-07,Neurology,30,27,90.0
2023-04-07,Oncology,45,37,82.2
2023-04-07,General Surgery,50,49,98.0
2023-04-07,Pediatrics,25,20,80.0
2023-04-07,ICU,20,17,85.0
2023-04-08,Emergency,30,28,93.3
2023-04-08,Cardiology,40,22,55.0
2023-04-08,Orthopedics,35,20,57.1
2023-04-08,Neurology,30,19,63.3
2023-04-08,Oncology,45,27,60.0
2023-04-08,General Surgery,50,33,66.0
2023-04-08,Pediatrics,25,19,76.0
2023-04-08,ICU,20,19,95.0
2023-04-09,Emergency,30,19,63.3
2023-04-09,Cardiology,40,30,75.0
2023-04-09,Orthopedics,35,31,88.6
2023-04-09,Neurology,30,21,70.0
2023-04-09,Oncology,45,23,51.1
2023-04-09,General Surgery,50,41,82.0
2023-04-09,Pediatrics,25,14,56.0
2023-04-09,ICU,20,17,85.0
2023-04-10,Emergency,30,24,80.0
2023-04-10,Cardiology,40,36,90.0
2023-04-10,Orthopedics,35,34,97.1
2023-04-10,Neurology,30,15,50.0
2023-04-10,Oncology,45,39,86.7
2023-04-10,General Surgery,50,32,64.0
2023-04-10,Pediatrics,25,24,96.0
2023-04-10,ICU,20,11,55.0
2023-04-11,Emergency,30,15,50.0
2023-04-11,Cardiology,40,30,75.0
2023-04-11,Orthopedics,35,35,100.0
2023-04-11,Neurology,30,18,60.0
2023-04-11,Oncology,45,27,60.0
2023-04-11,General Surgery,50,37,74.0
2023-04-11,Pediatrics,25,18,72.0
2023-04-11,ICU,20,16,80.0
2023-04-12,Emergency,30,19,63.3
2023-04-12,Cardiology,40,34,85.0
2023-04-12,Orthopedics,35,30,85.7
2023-04-12,Neurology,30,21,70.0
2023-04-12,Oncology,45,41,91.1
2023-04-12,General Surgery,50,45,90.0
2023-04-12,Pediatrics,25,21,84.0
2023-04-12,ICU,20,15,75.0
2023-04-13,Emergency,30,30,100.0
2023-04-13,Cardiology,40,21,52.5
2023-04-13,Orthopedics,35,26,74.3
2023-04-13,Neurology,30,19,63.3
2023-04-13,Oncology,45,34,75.6
2023-04-13,General Surgery,50,49,98.0
2023-04-13,Pediatrics,25,25,100.0
2023-04-13,ICU,20,18,90.0
2023-04-14,Emergency,30,21,70.0
2023-04-14,Cardiology,40,33,82.5
2023-04-14,Orthopedics,35,27,77.1
2023-04-14,Neurology,30,19,63.3
2023-04-14,Oncology,45,35,77.8
2023-04-14,General Surgery,50,25,50.0
2023-04-14,Pediatrics,25,16,64.0
2023-04-14,ICU,20,19,95.0
2023-04-15,Emergency,30,27,90.0
2023-04-15,Cardiology,40,27,67.5
2023-04-15,Orthopedics,35,25,71.4
2023-04-15,Neurology,30,27,90.0
2023-04-15,Oncology,45,44,97.8
2023-04-15,General Surgery,50,40,80.0
2023-04-15,Pediatrics,25,14,56.0
2023-04-15,ICU,20,20,100.0
2023-04-16,Emergency,30,19,63.3
2023-04-16,Cardiology,40,38,95.0
2023-04-16,Orthopedics,35,25,71.4
2023-04-16,Neurology,30,21,70.0
2023-04-16,Oncology,45,43,95.6
2023-04-16,General Surgery,50,26,52.0
2023-04-16,Pediatrics,25,25,100.0
2023-04-16,ICU,20,15,75.0
2023-04-17,Emergency,30,25,83.3
2023-04-17,Cardiology,40,34,85.0
2023-04-17,Orthopedics,35,30,85.7
2023-04-17,Neurology,30,16,53.3
2023-04-17,Oncology,45,39,86.7
2023-04-17,General Surgery,50,27,54.0
2023-04-17,Pediatrics,25,25,100.0
2023-04-17,ICU,20,16,80.0
2023-04-18,Emergency,30,15,50.0
2023-04-18,Cardiology,40,21,52.5
2023-04-18,Orthopedics,35,35,100.0
2023-04-18,Neurology,30,29,96.7
2023-04-18,Oncology,45,29,64.4
2023-04-18,General Surgery,50,46,92.0
2023-04-18,Pediatrics,25,22,88.0
2023-04-18,ICU,20,12,60.0
2023-04-19,Emergency,30,17,56.7
2023-04-19,Cardiology,40,34,85.0
2023-04-19,Orthopedics,35,29,82.9
2023-04-19,Neurology,30,20,66.7
2023-04-19,Oncology,45,29,64.4
2023-04-19,General Surgery,50,45,90.0
2023-04-19,Pediatrics,25,16,64.0
2023-04-19,ICU,20,20,100.0
2023-04-20,Emergency,30,26,86.7
2023-04-20,Cardiology,40,31,77.5
2023-04-20,Orthopedics,35,24,68.6
2023-04-20,Neurology,30,28,93.3
2023-04-20,Oncology,45,25,55.6
2023-04-20,General Surgery,50,25,50.0
2023-04-20,Pediatrics,25,19,76.0
2023-04-20,ICU,20,18,90.0
2023-04-21,Emergency,30,15,50.0
2023-04-21,Cardiology,40,38,95.0
2023-04-21,Orthopedics,35,28,80.0
2023-04-21,Neurology,30,25,83.3
2023-04-21,Oncology,45,42,93.3
2023-04-21,General Surgery,50,26,52.0
2023-04-21,Pediatrics,25,16,64.0
2023-04-21,ICU,20,11,55.0
2023-04-22,Emergency,30,27,90.0
2023-04-22,Cardiology,40,39,97.5
2023-04-22,Orthopedics,35,31,88.6
2023-04-22,Neurology,30,22,73.3
2023-04-22,Oncology,45,29,64.4
2023-04-22,General Surgery,50,39,78.0
2023-04-22,Pediatrics,25,21,84.0
2023-04-22,ICU,20,12,60.0
2023-04-23,Emergency,30,17,56.7
2023-04-23,Cardiology,40,34,85.0
2023-04-23,Orthopedics,35,34,97.1
2023-04-23,Neurology,30,17,56.7
2023-04-23,Oncology,45,27,60.0
2023-04-23,General Surgery,50,26,52.0
2023-04-23,Pediatrics,25,24,96.0
2023-04-23,ICU,20,15,75.0
2023-04-24,Emergency,30,22,73.3
2023-04-24,Cardiology,40,22,55.0
2023-04-24,Orthopedics,35,21,60.0
2023-04-24,Neurology,30,16,53.3
2023-04-24,Oncology,45,30,66.7
2023-04-24,General Surgery,50,25,50.0
2023-04-24,Pediatrics,25,20,80.0
2023-04-24,ICU,20,13,65.0
2023-04-25,Emergency,30,16,53.3
2023-04-25,Cardiology,40,30,75.0
2023-04-25,Orthopedics,35,34,97.1
2023-04-25,Neurology,30,30,100.0
2023-04-25,Oncology,45,45,100.0
2023-04-25,General Surgery,50,40,80.0
2023-04-25,Pediatrics,25,23,92.0
2023-04-25,ICU,20,15,75.0
2023-04-26,Emergency,30,18,60.0
2023-04-26,Cardiology,40,35,87.5
2023-04-26,Orthopedics,35,28,80.0
2023-04-26,Neurology,30,17,56.7
2023-04-26,Oncology,45,41,91.1
2023-04-26,General Surgery,50,44,88.0
2023-04-26,Pediatrics,25,25,100.0
2023-04-26,ICU,20,14,70.0
2023-04-27,Emergency,30,15,50.0
2023-04-27,Cardiology,40,22,55.0
2023-04-27,Orthopedics,35,25,71.4
2023-04-27,Neurology,30,28,93.3
2023-04-27,Oncology,45,30,66.7
2023-04-27,General Surgery,50,38,76.0
2023-04-27,Pediatrics,25,17,68.0
2023-04-27,ICU,20,15,75.0
2023-04-28,Emergency,30,27,90.0
2023-04-28,Cardiology,40,20,50.0
2023-04-28,Orthopedics,35,29,82.9
2023-04-28,Neurology,30,26,86.7
2023-04-28,Oncology,45,23,51.1
2023-04-28,General Surgery,50,39,78.0
2023-04-28,Pediatrics,25,20,80.0
2023-04-28,ICU,20,14,70.0
2023-04-29,Emergency,30,22,73.3
2023-04-29,Cardiology,40,33,82.5
2023-04-29,Orthopedics,35,25,71.4
2023-04-29,Neurology,30,28,93.3
2023-04-29,Oncology,45,29,64.4
2023-04-29,General Surgery,50,48,96.0
2023-04-29,Pediatrics,25,25,100.0
2023-04-29,ICU,20,13,65.0
2023-04-30,Emergency,30,25,83.3
2023-04-30,Cardiology,40,26,65.0
2023-04-30,Orthopedics,35,33,94.3
2023-04-30,Neurology,30,18,60.0
2023-04-30,Oncology,45,41,91.1
2023-04-30,General Surgery,50,45,90.0
2023-04-30,Pediatrics,25,18,72.0
2023-04-30,ICU,20,14,70.0
2023-05-01,Emergency,30,21,70.0
2023-05-01,Cardiology,40,22,55.0
2023-05-01,Orthopedics,35,33,94.3
2023-05-01,Neurology,30,22,73.3
2023-05-01,Oncology,45,42,93.3
2023-05-01,General Surgery,50,50,100.0
2023-05-01,Pediatrics,25,22,88.0
2023-05-01,ICU,20,19,95.0
2023-05-02,Emergency,30,27,90.0
2023-05-02,Cardiology,40,29,72.5
2023-05-02,Orthopedics,35,17,48.6
2023-05-02,Neurology,30,15,50.0
2023-05-02,Oncology,45,25,55.6
2023-05-02,General Surgery,50,41,82.0
2023-05-02,Pediatrics,25,21,84.0
2023-05-02,ICU,20,11,55.0
2023-05-03,Emergency,30,21,70.0
2023-05-03,Cardiology,40,23,57.5
2023-05-03,Orthopedics,35,35,100.0
2023-05-03,Neurology,30,17,56.7
2023-05-03,Oncology,45,39,86.7
2023-05-03,General Surgery,50,33,66.0
2023-05-03,Pediatrics,25,23,92.0
2023-05-03,ICU,20,12,60.0
2023-05-04,Emergency,30,22,73.3
2023-05-04,Cardiology,40,22,55.0
2023-05-04,Orthopedics,35,25,71.4
2023-05-04,Neurology,30,19,63.3
2023-05-04,Oncology,45,33,73.3
2023-05-04,General Surgery,50,26,52.0
2023-05-04,Pediatrics,25,12,48.0
2023-05-04,ICU,20,19,95.0
2023-05-05,Emergency,30,20,66.7
2023-05-05,Cardiology,40,36,90.0
2023-05-05,Orthopedics,35,32,91.4
2023-05-05,Neurology,30,27,90.0
2023-05-05,Oncology,45,39,86.7
2023-05-05,General Surgery,50,41,82.0
2023-05-05,Pediatrics,25,13,52.0
2023-05-05,ICU,20,18,90.0
2023-05-06,Emergency,30,29,96.7
2023-05-06,Cardiology,40,28,70.0
2023-05-06,Orthopedics,35,23,65.7
2023-05-06,Neurology,30,22,73.3
2023-05-06,Oncology,45,45,100.0
2023-05-06,General Surgery,50,49,98.0
2023-05-06,Pediatrics,25,19,76.0
2023-05-06,ICU,20,20,100.0
2023-05-07,Emergency,30,30,100.0
2023-05-07,Cardiology,40,31,77.5
2023-05-07,Orthopedics,35,35,100.0
2023-05-07,Neurology,30,27,90.0
2023-05-07,Oncology,45,34,75.6
2023-05-07,General Surgery,50,34,68.0
2023-05-07,Pediatrics,25,19,76.0
2023-05-07,ICU,20,12,60.0
2023-05-08,Emergency,30,20,66.7
2023-05-08,Cardiology,40,31,77.5
2023-05-08,Orthopedics,35,34,97.1
2023-05-08,Neurology,30,19,63.3
2023-05-08,Oncology,45,28,62.2
2023-05-08,General Surgery,50,42,84.0
2023-05-08,Pediatrics,25,24,96.0
2023-05-08,ICU,20,20,100.0
2023-05-09,Emergency,30,22,73.3
2023-05-09,Cardiology,40,26,65.0
2023-05-09,Orthopedics,35,24,68.6
2023-05-09,Neurology,30,28,93.3
2023-05-09,Oncology,45,35,77.8
2023-05-09,General Surgery,50,30,60.0
2023-05-09,Pediatrics,25,14,56.0
2023-05-09,ICU,20,20,100.0
2023-05-10,Emergency,30,19,63.3
2023-05-10,Cardiology,40,30,75.0
2023-05-10,Orthopedics,35,17,48.6
2023-05-10,Neurology,30,21,70.0
2023-05-10,Oncology,45,40,88.9
2023-05-10,General Surgery,50,49,98.0
2023-05-10,Pediatrics,25,24,96.0
2023-05-10,ICU,20,20,100.0
2023-05-11,Emergency,30,29,96.7
2023-05-11,Cardiology,40,24,60.0
2023-05-11,Orthopedics,35,31,88.6
2023-05-11,Neurology,30,20,66.7
2023-05-11,Oncology,45,24,53.3
2023-05-11,General Surgery,50,35,70.0
2023-05-11,Pediatrics,25,15,60.0
2023-05-11,ICU,20,11,55.0
2023-05-12,Emergency,30,23,76.7
2023-05-12,Cardiology,40,21,52.5
2023-05-12,Orthopedics,35,31,88.6
2023-05-12,Neurology,30,26,86.7
2023-05-12,Oncology,45,29,64.4
2023-05-12,General Surgery,50,43,86.0
2023-05-12,Pediatrics,25,19,76.0
2023-05-12,ICU,20,11,55.0
2023-05-13,Emergency,30,25,83.3
2023-05-13,Cardiology,40,23,57.5
2023-05-13,Orthopedics,35,25,71.4
2023-05-13,Neurology,30,28,93.3
2023-05-13,Oncology,45,28,62.2
2023-05-13,General Surgery,50,38,76.0
2023-05-13,Pediatrics,25,12,48.0
2023-05-13,ICU,20,20,100.0
2023-05-14,Emergency,30,23,76.7
2023-05-14,Cardiology,40,21,52.5
2023-05-14,Orthopedics,35,35,100.0
2023-05-14,Neurology,30,28,93.3
2023-05-14,Oncology,45,25,55.6
2023-05-14,General Surgery,50,30,60.0
2023-05-14,Pediatrics,25,21,84.0
2023-05-14,ICU,20,14,70.0
2023-05-15,Emergency,30,16,53.3
2023-05-15,Cardiology,40,22,55.0
2023-05-15,Orthopedics,35,27,77.1
2023-05-15,Neurology,30,16,53.3
2023-05-15,Oncology,45,39,86.7
2023-05-15,General Surgery,50,40,80.0
2023-05-15,Pediatrics,25,23,92.0
2023-05-15,ICU,20,20,100.0
2023-05-16,Emergency,30,17,56.7
2023-05-16,Cardiology,40,36,90.0
2023-05-16,Orthopedics,35,24,68.6
2023-05-16,Neurology,30,23,76.7
2023-05-16,Oncology,45,35,77.8
2023-05-16,General Surgery,50,49,98.0
2023-05-16,Pediatrics,25,22,88.0
2023-05-16,ICU,20,10,50.0
2023-05-17,Emergency,30,19,63.3
2023-05-17,Cardiology,40,36,90.0
2023-05-17,Orthopedics,35,28,80.0
2023-05-17,Neurology,30,27,90.0
2023-05-17,Oncology,45,22,48.9
2023-05-17,General Surgery,50,32,64.0
2023-05-17,Pediatrics,25,20,80.0
2023-05-17,ICU,20,14,70.0
2023-05-18,Emergency,30,25,83.3
2023-05-18,Cardiology,40,33,82.5
2023-05-18,Orthopedics,35,18,51.4
2023-05-18,Neurology,30,16,53.3
2023-05-18,Oncology,45,39,86.7
2023-05-18,General Surgery,50,33,66.0
2023-05-18,Pediatrics,25,22,88.0
2023-05-18,ICU,20,15,75.0
2023-05-19,Emergency,30,29,96.7
2023-05-19,Cardiology,40,20,50.0
2023-05-19,Orthopedics,35,26,74.3
2023-05-19,Neurology,30,24,80.0
2023-05-19,Oncology,45,32,71.1
2023-05-19,General Surgery,50,37,74.0
2023-05-19,Pediatrics,25,23,92.0
2023-05-19,ICU,20,10,50.0
2023-05-20,Emergency,30,16,53.3
2023-05-20,Cardiology,40,20,50.0
2023-05-20,Orthopedics,35,34,97.1
2023-05-20,Neurology,30,18,60.0
2023-05-20,Oncology,45,30,66.7
2023-05-20,General Surgery,50,46,92.0
2023-05-20,Pediatrics,25,20,80.0
2023-05-20,ICU,20,18,90.0
2023-05-21,Emergency,30,27,90.0
2023-05-21,Cardiology,40,35,87.5
2023-05-21,Orthopedics,35,25,71.4
2023-05-21,Neurology,30,30,100.0
2023-05-21,Oncology,45,23,51.1
2023-05-21,General Surgery,50,33,66.0
2023-05-21,Pediatrics,25,23,92.0
2023-05-21,ICU,20,18,90.0
2023-05-22,Emergency,30,15,50.0
2023-05-22,Cardiology,40,30,75.0
2023-05-22,Orthopedics,35,30,85.7
2023-05-22,Neurology,30,16,53.3
2023-05-22,Oncology,45,39,86.7
2023-05-22,General Surgery,50,35,70.0
2023-05-22,Pediatrics,25,22,88.0
2023-05-22,ICU,20,15,75.0
2023-05-23,Emergency,30,17,56.7
2023-05-23,Cardiology,40,27,67.5
2023-05-23,Orthopedics,35,31,88.6
2023-05-23,Neurology,30,29,96.7
2023-05-23,Oncology,45,38,84.4
2023-05-23,General Surgery,50,37,74.0
2023-05-23,Pediatrics,25,16,64.0
2023-05-23,ICU,20,14,70.0
2023-05-24,Emergency,30,16,53.3
2023-05-24,Cardiology,40,21,52.5
2023-05-24,Orthopedics,35,19,54.3
2023-05-24,Neurology,30,28,93.3
2023-05-24,Oncology,45,43,95.6
2023-05-24,General Surgery,50,49,98.0
2023-05-24,Pediatrics,25,15,60.0
2023-05-24,ICU,20,18,90.0
2023-05-25,Emergency,30,23,76.7
2023-05-25,Cardiology,40,20,50.0
2023-05-25,Orthopedics,35,24,68.6
2023-05-25,Neurology,30,19,63.3
2023-05-25,Oncology,45,23,51.1
2023-05-25,General Surgery,50,44,88.0
2023-05-25,Pediatrics,25,19,76.0
2023-05-25,ICU,20,10,50.0
2023-05-26,Emergency,30,18,60.0
2023-05-26,Cardiology,40,29,72.5
2023-05-26,Orthopedics,35,26,74.3
2023-05-26,Neurology,30,29,96.7
2023-05-26,Oncology,45,29,64.4
2023-05-26,General Surgery,50,39,78.0
2023-05-26,Pediatrics,25,15,60.0
2023-05-26,ICU,20,16,80.0
2023-05-27,Emergency,30,27,90.0
2023-05-27,Cardiology,40,39,97.5
2023-05-27,Orthopedics,35,26,74.3
2023-05-27,Neurology,30,26,86.7
2023-05-27,Oncology,45,23,51.1
2023-05-27,General Surgery,50,35,70.0
2023-05-27,Pediatrics,25,23,92.0
2023-05-27,ICU,20,19,95.0
2023-05-28,Emergency,30,18,60.0
2023-05-28,Cardiology,40,27,67.5
2023-05-28,Orthopedics,35,32,91.4
2023-05-28,Neurology,30,29,96.7
2023-05-28,Oncology,45,31,68.9
2023-05-28,General Surgery,50,47,94.0
2023-05-28,Pediatrics,25,16,64.0
2023-05-28,ICU,20,12,60.0
2023-05-29,Emergency,30,30,100.0
2023-05-29,Cardiology,40,32,80.0
2023-05-29,Orthopedics,35,19,54.3
2023-05-29,Neurology,30,18,60.0
2023-05-29,Oncology,45,25,55.6
2023-05-29,General Surgery,50,50,100.0
2023-05-29,Pediatrics,25,13,52.0
2023-05-29,ICU,20,17,85.0
2023-05-30,Emergency,30,23,76.7
2023-05-30,Cardiology,40,30,75.0
2023-05-30,Orthopedics,35,19,54.3
2023-05-30,Neurology,30,23,76.7
2023-05-30,Oncology,45,28,62.2
2023-05-30,General Surgery,50,37,74.0
2023-05-30,Pediatrics,25,19,76.0
2023-05-30,ICU,20,20,100.0
2023-05-31,Emergency,30,25,83.3
2023-05-31,Cardiology,40,21,52.5
2023-05-31,Orthopedics,35,18,51.4
2023-05-31,Neurology,30,30,100.0
2023-05-31,Oncology,45,32,71.1
2023-05-31,General Surgery,50,28,56.0
2023-05-31,Pediatrics,25,12,48.0
2023-05-31,ICU,20,17,85.0
2023-06-01,Emergency,30,28,93.3
2023-06-01,Cardiology,40,20,50.0
2023-06-01,Orthopedics,35,31,88.6
2023-06-01,Neurology,30,28,93.3
2023-06-01,Oncology,45,23,51.1
2023-06-01,General Surgery,50,37,74.0
2023-06-01,Pediatrics,25,24,96.0
2023-06-01,ICU,20,15,75.0
2023-06-02,Emergency,30,19,63.3
2023-06-02,Cardiology,40,38,95.0
2023-06-02,Orthopedics,35,35,100.0
2023-06-02,Neurology,30,27,90.0
2023-06-02,Oncology,45,35,77.8
2023-06-02,General Surgery,50,50,100.0
2023-06-02,Pediatrics,25,18,72.0
2023-06-02,ICU,20,12,60.0
2023-06-03,Emergency,30,16,53.3
2023-06-03,Cardiology,40,40,100.0
2023-06-03,Orthopedics,35,25,71.4
2023-06-03,Neurology,30,27,90.0
2023-06-03,Oncology,45,35,77.8
2023-06-03,General Surgery,50,32,64.0
2023-06-03,Pediatrics,25,17,68.0
2023-06-03,ICU,20,20,100.0
2023-06-04,Emergency,30,27,90.0
2023-06-04,Cardiology,40,35,87.5
2023-06-04,Orthopedics,35,26,74.3
2023-06-04,Neurology,30,28,93.3
2023-06-04,Oncology,45,26,57.8
2023-06-04,General Surgery,50,34,68.0
2023-06-04,Pediatrics,25,15,60.0
2023-06-04,ICU,20,15,75.0
2023-06-05,Emergency,30,26,86.7
2023-06-05,Cardiology,40,40,100.0
2023-06-05,Orthopedics,35,29,82.9
2023-06-05,Neurology,30,28,93.3
2023-06-05,Oncology,45,37,82.2
2023-06-05,General Surgery,50,30,60.0
2023-06-05,Pediatrics,25,15,60.0
2023-06-05,ICU,20,18,90.0
2023-06-06,Emergency,30,26,86.7
2023-06-06,Cardiology,40,34,85.0
2023-06-06,Orthopedics,35,30,85.7
2023-06-06,Neurology,30,18,60.0
2023-06-06,Oncology,45,33,73.3
2023-06-06,General Surgery,50,31,62.0
2023-06-06,Pediatrics,25,17,68.0
2023-06-06,ICU,20,14,70.0
2023-06-07,Emergency,30,26,86.7
2023-06-07,Cardiology,40,21,52.5
2023-06-07,Orthopedics,35,17,48.6
2023-06-07,Neurology,30,26,86.7
2023-06-07,Oncology,45,30,66.7
2023-06-07,General Surgery,50,39,78.0
2023-06-07,Pediatrics,25,15,60.0
2023-06-07,ICU,20,20,100.0
2023-06-08,Emergency,30,19,63.3
2023-06-08,Cardiology,40,22,55.0
2023-06-08,Orthopedics,35,32,91.4
2023-06-08,Neurology,30,17,56.7
2023-06-08,Oncology,45,40,88.9
2023-06-08,General Surgery,50,30,60.0
2023-06-08,Pediatrics,25,20,80.0
2023-06-08,ICU,20,14,70.0
2023-06-09,Emergency,30,21,70.0
2023-06-09,Cardiology,40,28,70.0
2023-06-09,Orthopedics,35,21,60.0
2023-06-09,Neurology,30,21,70.0
2023-06-09,Oncology,45,36,80.0
2023-06-09,General Surgery,50,45,90.0
2023-06-09,Pediatrics,25,14,56.0
2023-06-09,ICU,20,19,95.0
2023-06-10,Emergency,30,25,83.3
2023-06-10,Cardiology,40,22,55.0
2023-06-10,Orthopedics,35,30,85.7
2023-06-10,Neurology,30,28,93.3
2023-06-10,Oncology,45,45,100.0
2023-06-10,General Surgery,50,49,98.0
2023-06-10,Pediatrics,25,20,80.0
2023-06-10,ICU,20,19,95.0
2023-06-11,Emergency,30,15,50.0
2023-06-11,Cardiology,40,30,75.0
2023-06-11,Orthopedics,35,32,91.4
2023-06-11,Neurology,30,27,90.0
2023-06-11,Oncology,45,45,100.0
2023-06-11,General Surgery,50,48,96.0
2023-06-11,Pediatrics,25,16,64.0
2023-06-11,ICU,20,16,80.0
2023-06-12,Emergency,30,22,73.3
2023-06-12,Cardiology,40,38,95.0
2023-06-12,Orthopedics,35,19,54.3
2023-06-12,Neurology,30,16,53.3
2023-06-12,Oncology,45,23,51.1
2023-06-12,General Surgery,50,49,98.0
2023-06-12,Pediatrics,25,20,80.0
2023-06-12,ICU,20,11,55.0
2023-06-13,Emergency,30,16,53.3
2023-06-13,Cardiology,40,26,65.0
2023-06-13,Orthopedics,35,25,71.4
2023-06-13,Neurology,30,26,86.7
2023-06-13,Oncology,45,34,75.6
2023-06-13,General Surgery,50,31,62.0
2023-06-13,Pediatrics,25,23,92.0
2023-06-13,ICU,20,20,100.0
2023-06-14,Emergency,30,29,96.7
2023-06-14,Cardiology,40,24,60.0
2023-06-14,Orthopedics,35,28,80.0
2023-06-14,Neurology,30,22,73.3
2023-06-14,Oncology,45,35,77.8
2023-06-14,General Surgery,50,32,64.0
2023-06-14,Pediatrics,25,12,48.0
2023-06-14,ICU,20,16,80.0
2023-06-15,Emergency,30,24,80.0
2023-06-15,Cardiology,40,20,50.0
2023-06-15,Orthopedics,35,19,54.3
2023-06-15,Neurology,30,27,90.0
2023-06-15,Oncology,45,38,84.4
2023-06-15,General Surgery,50,49,98.0
2023-06-15,Pediatrics,25,23,92.0
2023-06-15,ICU,20,20,100.0
2023-06-16,Emergency,30,21,70.0
2023-06-16,Cardiology,40,27,67.5
2023-06-16,Orthopedics,35,29,82.9
2023-06-16,Neurology,30,25,83.3
2023-06-16,Oncology,45,38,84.4
2023-06-16,General Surgery,50,30,60.0
2023-06-16,Pediatrics,25,20,80.0
2023-06-16,ICU,20,12,60.0
2023-06-17,Emergency,30,28,93.3
2023-06-17,Cardiology,40,35,87.5
2023-06-17,Orthopedics,35,29,82.9
2023-06-17,Neurology,30,21,70.0
2023-06-17,Oncology,45,28,62.2
2023-06-17,General Surgery,50,26,52.0
2023-06-17,Pediatrics,25,15,60.0
2023-06-17,ICU,20,17,85.0
2023-06-18,Emergency,30,20,66.7
2023-06-18,Cardiology,40,24,60.0
2023-06-18,Orthopedics,35,30,85.7
2023-06-18,Neurology,30,26,86.7
2023-06-18,Oncology,45,28,62.2
2023-06-18,General Surgery,50,40,80.0
2023-06-18,Pediatrics,25,23,92.0
2023-06-18,ICU,20,10,50.0
2023-06-19,Emergency,30,30,100.0
2023-06-19,Cardiology,40,31,77.5
2023-06-19,Orthopedics,35,18,51.4
2023-06-19,Neurology,30,26,86.7
2023-06-19,Oncology,45,36,80.0
2023-06-19,General Surgery,50,44,88.0
2023-06-19,Pediatrics,25,16,64.0
2023-06-19,ICU,20,13,65.0
2023-06-20,Emergency,30,28,93.3
2023-06-20,Cardiology,40,35,87.5
2023-06-20,Orthopedics,35,25,71.4
2023-06-20,Neurology,30,26,86.7
2023-06-20,Oncology,45,24,53.3
2023-06-20,General Surgery,50,42,84.0
2023-06-20,Pediatrics,25,19,76.0
2023-06-20,ICU,20,14,70.0
2023-06-21,Emergency,30,15,50.0
2023-06-21,Cardiology,40,26,65.0
2023-06-21,Orthopedics,35,32,91.4
2023-06-21,Neurology,30,17,56.7
2023-06-21,Oncology,45,29,64.4
2023-06-21,General Surgery,50,32,64.0
2023-06-21,Pediatrics,25,14,56.0
2023-06-21,ICU,20,20,100.0
2023-06-22,Emergency,30,22,73.3
2023-06-22,Cardiology,40,28,70.0
2023-06-22,Orthopedics,35,34,97.1
2023-06-22,Neurology,30,16,53.3
2023-06-22,Oncology,45,24,53.3
2023-06-22,General Surgery,50,47,94.0
2023-06-22,Pediatrics,25,16,64.0
2023-06-22,ICU,20,15,75.0
2023-06-23,Emergency,30,18,60.0
2023-06-23,Cardiology,40,33,82.5
2023-06-23,Orthopedics,35,24,68.6
2023-06-23,Neurology,30,22,73.3
2023-06-23,Oncology,45,44,97.8
2023-06-23,General Surgery,50,34,68.0
2023-06-23,Pediatrics,25,24,96.0
2023-06-23,ICU,20,19,95.0
2023-06-24,Emergency,30,25,83.3
2023-06-24,Cardiology,40,26,65.0
2023-06-24,Orthopedics,35,32,91.4
2023-06-24,Neurology,30,25,83.3
2023-06-24,Oncology,45,26,57.8
2023-06-24,General Surgery,50,27,54.0
2023-06-24,Pediatrics,25,17,68.0
2023-06-24,ICU,20,13,65.0
2023-06-25,Emergency,30,28,93.3
2023-06-25,Cardiology,40,27,67.5
2023-06-25,Orthopedics,35,34,97.1
2023-06-25,Neurology,30,19,63.3
2023-06-25,Oncology,45,42,93.3
2023-06-25,General Surgery,50,35,70.0
2023-06-25,Pediatrics,25,14,56.0
2023-06-25,ICU,20,15,75.0
2023-06-26,Emergency,30,16,53.3
2023-06-26,Cardiology,40,35,87.5
2023-06-26,Orthopedics,35,26,74.3
2023-06-26,Neurology,30,19,63.3
2023-06-26,Oncology,45,40,88.9
2023-06-26,General Surgery,50,37,74.0
2023-06-26,Pediatrics,25,14,56.0
2023-06-26,ICU,20,16,80.0
2023-06-27,Emergency,30,27,90.0
2023-06-27,Cardiology,40,25,62.5
2023-06-27,Orthopedics,35,19,54.3
2023-06-27,Neurology,30,26,86.7
2023-06-27,Oncology,45,32,71.1
2023-06-27,General Surgery,50,50,100.0
2023-06-27,Pediatrics,25,23,92.0
2023-06-27,ICU,20,12,60.0
2023-06-28,Emergency,30,15,50.0
2023-06-28,Cardiology,40,34,85.0
2023-06-28,Orthopedics,35,28,80.0
2023-06-28,Neurology,30,25,83.3
2023-06-28,Oncology,45,38,84.4
2023-06-28,General Surgery,50,38,76.0
2023-06-28,Pediatrics,25,23,92.0
2023-06-28,ICU,20,14,70.0
2023-06-29,Emergency,30,21,70.0
2023-06-29,Cardiology,40,40,100.0
2023-06-29,Orthopedics,35,24,68.6
2023-06-29,Neurology,30,30,100.0
2023-06-29,Oncology,45,30,66.7
2023-06-29,General Surgery,50,36,72.0
2023-06-29,Pediatrics,25,15,60.0
2023-06-29,ICU,20,11,55.0
2023-06-30,Emergency,30,29,96.7
2023-06-30,Cardiology,40,28,70.0
2023-06-30,Orthopedics,35,23,65.7
2023-06-30,Neurology,30,21,70.0
2023-06-30,Oncology,45,38,84.4
2023-06-30,General Surgery,50,31,62.0
2023-06-30,Pediatrics,25,15,60.0
2023-06-30,ICU,20,13,65.0
2023-07-01,Emergency,30,18,60.0
2023-07-01,Cardiology,40,21,52.5
2023-07-01,Orthopedics,35,20,57.1
2023-07-01,Neurology,30,27,90.0
2023-07-01,Oncology,45,38,84.4
2023-07-01,General Surgery,50,50,100.0
2023-07-01,Pediatrics,25,21,84.0
2023-07-01,ICU,20,17,85.0
2023-07-02,Emergency,30,22,73.3
2023-07-02,Cardiology,40,38,95.0
2023-07-02,Orthopedics,35,32,91.4
2023-07-02,Neurology,30,26,86.7
2023-07-02,Oncology,45,34,75.6
2023-07-02,General Surgery,50,50,100.0
2023-07-02,Pediatrics,25,13,52.0
2023-07-02,ICU,20,17,85.0
2023-07-03,Emergency,30,16,53.3
2023-07-03,Cardiology,40,23,57.5
2023-07-03,Orthopedics,35,28,80.0
2023-07-03,Neurology,30,29,96.7
2023-07-03,Oncology,45,22,48.9
2023-07-03,General Surgery,50,25,50.0
2023-07-03,Pediatrics,25,19,76.0
2023-07-03,ICU,20,13,65.0
2023-07-04,Emergency,30,26,86.7
2023-07-04,Cardiology,40,39,97.5
2023-07-04,Orthopedics,35,24,68.6
2023-07-04,Neurology,30,27,90.0
2023-07-04,Oncology,45,34,75.6
2023-07-04,General Surgery,50,29,58.0
2023-07-04,Pediatrics,25,21,84.0
2023-07-04,ICU,20,13,65.0
2023-07-05,Emergency,30,15,50.0
2023-07-05,Cardiology,40,20,50.0
2023-07-05,Orthopedics,35,30,85.7
2023-07-05,Neurology,30,22,73.3
2023-07-05,Oncology,45,33,73.3
2023-07-05,General Surgery,50,46,92.0
2023-07-05,Pediatrics,25,15,60.0
2023-07-05,ICU,20,12,60.0
2023-07-06,Emergency,30,15,50.0
2023-07-06,Cardiology,40,23,57.5
2023-07-06,Orthopedics,35,21,60.0
2023-07-06,Neurology,30,22,73.3
2023-07-06,Oncology,45,36,80.0
2023-07-06,General Surgery,50,49,98.0
2023-07-06,Pediatrics,25,17,68.0
2023-07-06,ICU,20,16,80.0
2023-07-07,Emergency,30,23,76.7
2023-07-07,Cardiology,40,31,77.5
2023-07-07,Orthopedics,35,23,65.7
2023-07-07,Neurology,30,18,60.0
2023-07-07,Oncology,45,35,77.8
2023-07-07,General Surgery,50,43,86.0
2023-07-07,Pediatrics,25,21,84.0
2023-07-07,ICU,20,14,70.0
2023-07-08,Emergency,30,19,63.3
2023-07-08,Cardiology,40,27,67.5
2023-07-08,Orthopedics,35,32,91.4
2023-07-08,Neurology,30,27,90.0
2023-07-08,Oncology,45,25,55.6
2023-07-08,General Surgery,50,36,72.0
2023-07-08,Pediatrics,25,23,92.0
2023-07-08,ICU,20,19,95.0
2023-07-09,Emergency,30,15,50.0
2023-07-09,Cardiology,40,28,70.0
2023-07-09,Orthopedics,35,18,51.4
2023-07-09,Neurology,30,30,100.0
2023-07-09,Oncology,45,29,64.4
2023-07-09,General Surgery,50,41,82.0
2023-07-09,Pediatrics,25,18,72.0
2023-07-09,ICU,20,18,90.0
2023-07-10,Emergency,30,26,86.7
2023-07-10,Cardiology,40,27,67.5
2023-07-10,Orthopedics,35,27,77.1
2023-07-10,Neurology,30,16,53.3
2023-07-10,Oncology,45,26,57.8
2023-07-10,General Surgery,50,34,68.0
2023-07-10,Pediatrics,25,15,60.0
2023-07-10,ICU,20,14,70.0
2023-07-11,Emergency,30,28,93.3
2023-07-11,Cardiology,40,40,100.0
2023-07-11,Orthopedics,35,24,68.6
2023-07-11,Neurology,30,19,63.3
2023-07-11,Oncology,45,28,62.2
2023-07-11,General Surgery,50,33,66.0
2023-07-11,Pediatrics,25,14,56.0
2023-07-11,ICU,20,11,55.0
2023-07-12,Emergency,30,18,60.0
2023-07-12,Cardiology,40,27,67.5
2023-07-12,Orthopedics,35,34,97.1
2023-07-12,Neurology,30,20,66.7
2023-07-12,Oncology,45,31,68.9
2023-07-12,General Surgery,50,49,98.0
2023-07-12,Pediatrics,25,17,68.0
2023-07-12,ICU,20,11,55.0
2023-07-13,Emergency,30,17,56.7
2023-07-13,Cardiology,40,38,95.0
2023-07-13,Orthopedics,35,25,71.4
2023-07-13,Neurology,30,15,50.0
2023-07-13,Oncology,45,29,64.4
2023-07-13,General Surgery,50,44,88.0
2023-07-13,Pediatrics,25,18,72.0
2023-07-13,ICU,20,10,50.0
2023-07-14,Emergency,30,16,53.3
2023-07-14,Cardiology,40,25,62.5
2023-07-14,Orthopedics,35,25,71.4
2023-07-14,Neurology,30,29,96.7
2023-07-14,Oncology,45,29,64.4
2023-07-14,General Surgery,50,25,50.0
2023-07-14,Pediatrics,25,23,92.0
2023-07-14,ICU,20,10,50.0
2023-07-15,Emergency,30,21,70.0
2023-07-15,Cardiology,40,27,67.5
2023-07-15,Orthopedics,35,23,65.7
2023-07-15,Neurology,30,30,100.0
2023-07-15,Oncology,45,39,86.7
2023-07-15,General Surgery,50,31,62.0
2023-07-15,Pediatrics,25,13,52.0
2023-07-15,ICU,20,17,85.0
2023-07-16,Emergency,30,29,96.7
2023-07-16,Cardiology,40,32,80.0
2023-07-16,Orthopedics,35,19,54.3
2023-07-16,Neurology,30,23,76.7
2023-07-16,Oncology,45,32,71.1
2023-07-16,General Surgery,50,36,72.0
2023-07-16,Pediatrics,25,24,96.0
2023-07-16,ICU,20,13,65.0
2023-07-17,Emergency,30,22,73.3
2023-07-17,Cardiology,40,38,95.0
2023-07-17,Orthopedics,35,35,100.0
2023-07-17,Neurology,30,27,90.0
2023-07-17,Oncology,45,26,57.8
2023-07-17,General Surgery,50,29,58.0
2023-07-17,Pediatrics,25,15,60.0
2023-07-17,ICU,20,17,85.0
2023-07-18,Emergency,30,22,73.3
2023-07-18,Cardiology,40,31,77.5
2023-07-18,Orthopedics,35,26,74.3
2023-07-18,Neurology,30,25,83.3
2023-07-18,Oncology,45,24,53.3
2023-07-18,General Surgery,50,49,98.0
2023-07-18,Pediatrics,25,15,60.0
2023-07-18,ICU,20,17,85.0
2023-07-19,Emergency,30,21,70.0
2023-07-19,Cardiology,40,21,52.5
2023-07-19,Orthopedics,35,25,71.4
2023-07-19,Neurology,30,30,100.0
2023-07-19,Oncology,45,38,84.4
2023-07-19,General Surgery,50,34,68.0
2023-07-19,Pediatrics,25,12,48.0
2023-07-19,ICU,20,14,70.0
2023-07-20,Emergency,30,26,86.7
2023-07-20,Cardiology,40,33,82.5
2023-07-20,Orthopedics,35,21,60.0
2023-07-20,Neurology,30,17,56.7
2023-07-20,Oncology,45,36,80.0
2023-07-20,General Surgery,50,42,84.0
2023-07-20,Pediatrics,25,20,80.0
2023-07-20,ICU,20,12,60.0
2023-07-21,Emergency,30,28,93.3
2023-07-21,Cardiology,40,28,70.0
2023-07-21,Orthopedics,35,26,74.3
2023-07-21,Neurology,30,16,53.3
2023-07-21,Oncology,45,31,68.9
2023-07-21,General Surgery,50,45,90.0
2023-07-21,Pediatrics,25,14,56.0
2023-07-21,ICU,20,19,95.0
2023-07-22,Emergency,30,21,70.0
2023-07-22,Cardiology,40,22,55.0
2023-07-22,Orthopedics,35,22,62.9
2023-07-22,Neurology,30,25,83.3
2023-07-22,Oncology,45,33,73.3
2023-07-22,General Surgery,50,32,64.0
2023-07-22,Pediatrics,25,13,52.0
2023-07-22,ICU,20,11,55.0
2023-07-23,Emergency,30,26,86.7
2023-07-23,Cardiology,40,33,82.5
2023-07-23,Orthopedics,35,29,82.9
2023-07-23,Neurology,30,24,80.0
2023-07-23,Oncology,45,45,100.0
2023-07-23,General Surgery,50,36,72.0
2023-07-23,Pediatrics,25,24,96.0
2023-07-23,ICU,20,11,55.0
2023-07-24,Emergency,30,20,66.7
2023-07-24,Cardiology,40,38,95.0
2023-07-24,Orthopedics,35,22,62.9
2023-07-24,Neurology,30,30,100.0
2023-07-24,Oncology,45,42,93.3
2023-07-24,General Surgery,50,35,70.0
2023-07-24,Pediatrics,25,18,72.0
2023-07-24,ICU,20,11,55.0
2023-07-25,Emergency,30,24,80.0
2023-07-25,Cardiology,40,27,67.5
2023-07-25,Orthopedics,35,27,77.1
2023-07-25,Neurology,30,27,90.0
2023-07-25,Oncology,45,38,84.4
2023-07-25,General Surgery,50,27,54.0
2023-07-25,Pediatrics,25,21,84.0
2023-07-25,ICU,20,13,65.0
2023-07-26,Emergency,30,26,86.7
2023-07-26,Cardiology,40,35,87.5
2023-07-26,Orthopedics,35,19,54.3
2023-07-26,Neurology,30,25,83.3
2023-07-26,Oncology,45,30,66.7
2023-07-26,General Surgery,50,49,98.0
2023-07-26,Pediatrics,25,18,72.0
2023-07-26,ICU,20,10,50.0
2023-07-27,Emergency,30,19,63.3
2023-07-27,Cardiology,40,21,52.5
2023-07-27,Orthopedics,35,26,74.3
2023-07-27,Neurology,30,21,70.0
2023-07-27,Oncology,45,22,48.9
2023-07-27,General Surgery,50,29,58.0
2023-07-27,Pediatrics,25,20,80.0
2023-07-27,ICU,20,20,100.0
2023-07-28,Emergency,30,30,100.0
2023-07-28,Cardiology,40,25,62.5
2023-07-28,Orthopedics,35,31,88.6
2023-07-28,Neurology,30,21,70.0
2023-07-28,Oncology,45,43,95.6
2023-07-28,General Surgery,50,25,50.0
2023-07-28,Pediatrics,25,20,80.0
2023-07-28,ICU,20,18,90.0
2023-07-29,Emergency,30,16,53.3
2023-07-29,Cardiology,40,20,50.0
2023-07-29,Orthopedics,35,20,57.1
2023-07-29,Neurology,30,15,50.0
2023-07-29,Oncology,45,32,71.1
2023-07-29,General Surgery,50,32,64.0
2023-07-29,Pediatrics,25,24,96.0
2023-07-29,ICU,20,14,70.0
2023-07-30,Emergency,30,20,66.7
2023-07-30,Cardiology,40,31,77.5
2023-07-30,Orthopedics,35,19,54.3
2023-07-30,Neurology,30,26,86.7
2023-07-30,Oncology,45,36,80.0
2023-07-30,General Surgery,50,33,66.0
2023-07-30,Pediatrics,25,15,60.0
2023-07-30,ICU,20,18,90.0
2023-07-31,Emergency,30,24,80.0
2023-07-31,Cardiology,40,27,67.5
2023-07-31,Orthopedics,35,28,80.0
2023-07-31,Neurology,30,27,90.0
2023-07-31,Oncology,45,33,73.3
2023-07-31,General Surgery,50,31,62.0
2023-07-31,Pediatrics,25,25,100.0
2023-07-31,ICU,20,18,90.0
2023-08-01,Emergency,30,17,56.7
2023-08-01,Cardiology,40,30,75.0
2023-08-01,Orthopedics,35,21,60.0
2023-08-01,Neurology,30,29,96.7
2023-08-01,Oncology,45,33,73.3
2023-08-01,General Surgery,50,46,92.0
2023-08-01,Pediatrics,25,22,88.0
2023-08-01,ICU,20,12,60.0
2023-08-02,Emergency,30,30,100.0
2023-08-02,Cardiology,40,23,57.5
2023-08-02,Orthopedics,35,22,62.9
2023-08-02,Neurology,30,15,50.0
2023-08-02,Oncology,45,31,68.9
2023-08-02,General Surgery,50,38,76.0
2023-08-02,Pediatrics,25,25,100.0
2023-08-02,ICU,20,19,95.0
2023-08-03,Emergency,30,23,76.7
2023-08-03,Cardiology,40,29,72.5
2023-08-03,Orthopedics,35,32,91.4
2023-08-03,Neurology,30,18,60.0
2023-08-03,Oncology,45,39,86.7
2023-08-03,General Surgery,50,43,86.0
2023-08-03,Pediatrics,25,18,72.0
2023-08-03,ICU,20,10,50.0
2023-08-04,Emergency,30,30,100.0
2023-08-04,Cardiology,40,32,80.0
2023-08-04,Orthopedics,35,27,77.1
2023-08-04,Neurology,30,27,90.0
2023-08-04,Oncology,45,44,97.8
2023-08-04,General Surgery,50,46,92.0
2023-08-04,Pediatrics,25,22,88.0
2023-08-04,ICU,20,16,80.0
2023-08-05,Emergency,30,17,56.7
2023-08-05,Cardiology,40,35,87.5
2023-08-05,Orthopedics,35,32,91.4
2023-08-05,Neurology,30,23,76.7
2023-08-05,Oncology,45,32,71.1
2023-08-05,General Surgery,50,44,88.0
2023-08-05,Pediatrics,25,19,76.0
2023-08-05,ICU,20,12,60.0
2023-08-06,Emergency,30,25,83.3
2023-08-06,Cardiology,40,36,90.0
2023-08-06,Orthopedics,35,29,82.9
2023-08-06,Neurology,30,16,53.3
2023-08-06,Oncology,45,38,84.4
2023-08-06,General Surgery,50,28,56.0
2023-08-06,Pediatrics,25,23,92.0
2023-08-06,ICU,20,16,80.0
2023-08-07,Emergency,30,24,80.0
2023-08-07,Cardiology,40,21,52.5
2023-08-07,Orthopedics,35,20,57.1
2023-08-07,Neurology,30,21,70.0
2023-08-07,Oncology,45,31,68.9
2023-08-07,General Surgery,50,45,90.0
2023-08-07,Pediatrics,25,22,88.0
2023-08-07,ICU,20,12,60.0
2023-08-08,Emergency,30,15,50.0
2023-08-08,Cardiology,40,27,67.5
2023-08-08,Orthopedics,35,17,48.6
2023-08-08,Neurology,30,25,83.3
2023-08-08,Oncology,45,38,84.4
2023-08-08,General Surgery,50,34,68.0
2023-08-08,Pediatrics,25,25,100.0
2023-08-08,ICU,20,15,75.0
2023-08-09,Emergency,30,28,93.3
2023-08-09,Cardiology,40,39,97.5
2023-08-09,Orthopedics,35,29,82.9
2023-08-09,Neurology,30,20,66.7
2023-08-09,Oncology,45,23,51.1
2023-08-09,General Surgery,50,47,94.0
2023-08-09,Pediatrics,25,17,68.0
2023-08-09,ICU,20,12,60.0
2023-08-10,Emergency,30,19,63.3
2023-08-10,Cardiology,40,28,70.0
2023-08-10,Orthopedics,35,22,62.9
2023-08-10,Neurology,30,17,56.7
2023-08-10,Oncology,45,36,80.0
2023-08-10,General Surgery,50,38,76.0
2023-08-10,Pediatrics,25,14,56.0
2023-08-10,ICU,20,14,70.0
2023-08-11,Emergency,30,28,93.3
2023-08-11,Cardiology,40,30,75.0
2023-08-11,Orthopedics,35,23,65.7
2023-08-11,Neurology,30,27,90.0
2023-08-11,Oncology,45,42,93.3
2023-08-11,General Surgery,50,43,86.0
2023-08-11,Pediatrics,25,20,80.0
2023-08-11,ICU,20,13,65.0
2023-08-12,Emergency,30,16,53.3
2023-08-12,Cardiology,40,21,52.5
2023-08-12,Orthopedics,35,32,91.4
2023-08-12,Neurology,30,15,50.0
2023-08-12,Oncology,45,28,62.2
2023-08-12,General Surgery,50,33,66.0
2023-08-12,Pediatrics,25,21,84.0
2023-08-12,ICU,20,17,85.0
2023-08-13,Emergency,30,24,80.0
2023-08-13,Cardiology,40,21,52.5
2023-08-13,Orthopedics,35,23,65.7
2023-08-13,Neurology,30,29,96.7
2023-08-13,Oncology,45,27,60.0
2023-08-13,General Surgery,50,25,50.0
2023-08-13,Pediatrics,25,16,64.0
2023-08-13,ICU,20,12,60.0
2023-08-14,Emergency,30,27,90.0
2023-08-14,Cardiology,40,35,87.5
2023-08-14,Orthopedics,35,25,71.4
2023-08-14,Neurology,30,21,70.0
2023-08-14,Oncology,45,34,75.6
2023-08-14,General Surgery,50,25,50.0
2023-08-14,Pediatrics,25,22,88.0
2023-08-14,ICU,20,11,55.0
2023-08-15,Emergency,30,24,80.0
2023-08-15,Cardiology,40,30,75.0
2023-08-15,Orthopedics,35,33,94.3
2023-08-15,Neurology,30,23,76.7
2023-08-15,Oncology,45,31,68.9
2023-08-15,General Surgery,50,28,56.0
2023-08-15,Pediatrics,25,19,76.0
2023-08-15,ICU,20,20,100.0
2023-08-16,Emergency,30,27,90.0
2023-08-16,Cardiology,40,24,60.0
2023-08-16,Orthopedics,35,27,77.1
2023-08-16,Neurology,30,26,86.7
2023-08-16,Oncology,45,43,95.6
2023-08-16,General Surgery,50,33,66.0
2023-08-16,Pediatrics,25,15,60.0
2023-08-16,ICU,20,15,75.0
2023-08-17,Emergency,30,18,60.0
2023-08-17,Cardiology,40,32,80.0
2023-08-17,Orthopedics,35,27,77.1
2023-08-17,Neurology,30,23,76.7
2023-08-17,Oncology,45,33,73.3
2023-08-17,General Surgery,50,49,98.0
2023-08-17,Pediatrics,25,21,84.0
2023-08-17,ICU,20,11,55.0
2023-08-18,Emergency,30,17,56.7
2023-08-18,Cardiology,40,33,82.5
2023-08-18,Orthopedics,35,30,85.7
2023-08-18,Neurology,30,18,60.0
2023-08-18,Oncology,45,35,77.8
2023-08-18,General Surgery,50,49,98.0
2023-08-18,Pediatrics,25,15,60.0
2023-08-18,ICU,20,17,85.0
2023-08-19,Emergency,30,26,86.7
2023-08-19,Cardiology,40,35,87.5
2023-08-19,Orthopedics,35,18,51.4
2023-08-19,Neurology,30,21,70.0
2023-08-19,Oncology,45,37,82.2
2023-08-19,General Surgery,50,42,84.0
2023-08-19,Pediatrics,25,25,100.0
2023-08-19,ICU,20,15,75.0
2023-08-20,Emergency,30,20,66.7
2023-08-20,Cardiology,40,32,80.0
2023-08-20,Orthopedics,35,35,100.0
2023-08-20,Neurology,30,24,80.0
2023-08-20,Oncology,45,33,73.3
2023-08-20,General Surgery,50,33,66.0
2023-08-20,Pediatrics,25,24,96.0
2023-08-20,ICU,20,13,65.0
2023-08-21,Emergency,30,29,96.7
2023-08-21,Cardiology,40,30,75.0
2023-08-21,Orthopedics,35,35,100.0
2023-08-21,Neurology,30,16,53.3
2023-08-21,Oncology,45,33,73.3
2023-08-21,General Surgery,50,36,72.0
2023-08-21,Pediatrics,25,15,60.0
2023-08-21,ICU,20,11,55.0
2023-08-22,Emergency,30,15,50.0
2023-08-22,Cardiology,40,24,60.0
2023-08-22,Orthopedics,35,25,71.4
2023-08-22,Neurology,30,16,53.3
2023-08-22,Oncology,45,41,91.1
2023-08-22,General Surgery,50,34,68.0
2023-08-22,Pediatrics,25,13,52.0
2023-08-22,ICU,20,18,90.0
2023-08-23,Emergency,30,15,50.0
2023-08-23,Cardiology,40,27,67.5
2023-08-23,Orthopedics,35,27,77.1
2023-08-23,Neurology,30,23,76.7
2023-08-23,Oncology,45,27,60.0
2023-08-23,General Surgery,50,43,86.0
2023-08-23,Pediatrics,25,21,84.0
2023-08-23,ICU,20,18,90.0
2023-08-24,Emergency,30,22,73.3
2023-08-24,Cardiology,40,29,72.5
2023-08-24,Orthopedics,35,21,60.0
2023-08-24,Neurology,30,25,83.3
2023-08-24,Oncology,45,40,88.9
2023-08-24,General Surgery,50,38,76.0
2023-08-24,Pediatrics,25,16,64.0
2023-08-24,ICU,20,14,70.0
2023-08-25,Emergency,30,19,63.3
2023-08-25,Cardiology,40,34,85.0
2023-08-25,Orthopedics,35,21,60.0
2023-08-25,Neurology,30,26,86.7
2023-08-25,Oncology,45,25,55.6
2023-08-25,General Surgery,50,40,80.0
2023-08-25,Pediatrics,25,16,64.0
2023-08-25,ICU,20,18,90.0
2023-08-26,Emergency,30,17,56.7
2023-08-26,Cardiology,40,34,85.0
2023-08-26,Orthopedics,35,29,82.9
2023-08-26,Neurology,30,18,60.0
2023-08-26,Oncology,45,26,57.8
2023-08-26,General Surgery,50,33,66.0
2023-08-26,Pediatrics,25,14,56.0
2023-08-26,ICU,20,15,75.0
2023-08-27,Emergency,30,20,66.7
2023-08-27,Cardiology,40,35,87.5
2023-08-27,Orthopedics,35,17,48.6
2023-08-27,Neurology,30,20,66.7
2023-08-27,Oncology,45,43,95.6
2023-08-27,General Surgery,50,38,76.0
2023-08-27,Pediatrics,25,21,84.0
2023-08-27,ICU,20,16,80.0
2023-08-28,Emergency,30,30,100.0
2023-08-28,Cardiology,40,39,97.5
2023-08-28,Orthopedics,35,33,94.3
2023-08-28,Neurology,30,24,80.0
2023-08-28,Oncology,45,24,53.3
2023-08-28,General Surgery,50,46,92.0
2023-08-28,Pediatrics,25,16,64.0
2023-08-28,ICU,20,10,50.0
2023-08-29,Emergency,30,24,80.0
2023-08-29,Cardiology,40,37,92.5
2023-08-29,Orthopedics,35,30,85.7
2023-08-29,Neurology,30,23,76.7
2023-08-29,Oncology,45,30,66.7
2023-08-29,General Surgery,50,44,88.0
2023-08-29,Pediatrics,25,24,96.0
2023-08-29,ICU,20,20,100.0
2023-08-30,Emergency,30,22,73.3
2023-08-30,Cardiology,40,21,52.5
2023-08-30,Orthopedics,35,34,97.1
2023-08-30,Neurology,30,29,96.7
2023-08-30,Oncology,45,23,51.1
2023-08-30,General Surgery,50,29,58.0
2023-08-30,Pediatrics,25,23,92.0
2023-08-30,ICU,20,14,70.0
2023-08-31,Emergency,30,25,83.3
2023-08-31,Cardiology,40,34,85.0
2023-08-31,Orthopedics,35,21,60.0
2023-08-31,Neurology,30,16,53.3
2023-08-31,Oncology,45,30,66.7
2023-08-31,General Surgery,50,46,92.0
2023-08-31,Pediatrics,25,25,100.0
2023-08-31,ICU,20,16,80.0
2023-09-01,Emergency,30,25,83.3
2023-09-01,Cardiology,40,26,65.0
2023-09-01,Orthopedics,35,35,100.0
2023-09-01,Neurology,30,26,86.7
2023-09-01,Oncology,45,39,86.7
2023-09-01,General Surgery,50,30,60.0
2023-09-01,Pediatrics,25,12,48.0
2023-09-01,ICU,20,20,100.0
2023-09-02,Emergency,30,22,73.3
2023-09-02,Cardiology,40,24,60.0
2023-09-02,Orthopedics,35,19,54.3
2023-09-02,Neurology,30,25,83.3
2023-09-02,Oncology,45,32,71.1
2023-09-02,General Surgery,50,36,72.0
2023-09-02,Pediatrics,25,20,80.0
2023-09-02,ICU,20,16,80.0
2023-09-03,Emergency,30,23,76.7
2023-09-03,Cardiology,40,30,75.0
2023-09-03,Orthopedics,35,17,48.6
2023-09-03,Neurology,30,23,76.7
2023-09-03,Oncology,45,38,84.4
2023-09-03,General Surgery,50,43,86.0
2023-09-03,Pediatrics,25,15,60.0
2023-09-03,ICU,20,15,75.0
2023-09-04,Emergency,30,21,70.0
2023-09-04,Cardiology,40,24,60.0
2023-09-04,Orthopedics,35,31,88.6
2023-09-04,Neurology,30,19,63.3
2023-09-04,Oncology,45,28,62.2
2023-09-04,General Surgery,50,39,78.0
2023-09-04,Pediatrics,25,15,60.0
2023-09-04,ICU,20,13,65.0
2023-09-05,Emergency,30,29,96.7
2023-09-05,Cardiology,40,37,92.5
2023-09-05,Orthopedics,35,30,85.7
2023-09-05,Neurology,30,29,96.7
2023-09-05,Oncology,45,44,97.8
2023-09-05,General Surgery,50,48,96.0
2023-09-05,Pediatrics,25,24,96.0
2023-09-05,ICU,20,19,95.0
2023-09-06,Emergency,30,30,100.0
2023-09-06,Cardiology,40,29,72.5
2023-09-06,Orthopedics,35,27,77.1
2023-09-06,Neurology,30,27,90.0
2023-09-06,Oncology,45,36,80.0
2023-09-06,General Surgery,50,27,54.0
2023-09-06,Pediatrics,25,21,84.0
2023-09-06,ICU,20,17,85.0
2023-09-07,Emergency,30,19,63.3
2023-09-07,Cardiology,40,38,95.0
2023-09-07,Orthopedics,35,32,91.4
2023-09-07,Neurology,30,23,76.7
2023-09-07,Oncology,45,38,84.4
2023-09-07,General Surgery,50,33,66.0
2023-09-07,Pediatrics,25,24,96.0
2023-09-07,ICU,20,19,95.0
2023-09-08,Emergency,30,30,100.0
2023-09-08,Cardiology,40,26,65.0
2023-09-08,Orthopedics,35,34,97.1
2023-09-08,Neurology,30,18,60.0
2023-09-08,Oncology,45,41,91.1
2023-09-08,General Surgery,50,30,60.0
2023-09-08,Pediatrics,25,15,60.0
2023-09-08,ICU,20,15,75.0
2023-09-09,Emergency,30,18,60.0
2023-09-09,Cardiology,40,32,80.0
2023-09-09,Orthopedics,35,18,51.4
2023-09-09,Neurology,30,27,90.0
2023-09-09,Oncology,45,40,88.9
2023-09-09,General Surgery,50,28,56.0
2023-09-09,Pediatrics,25,20,80.0
2023-09-09,ICU,20,20,100.0
2023-09-10,Emergency,30,22,73.3
2023-09-10,Cardiology,40,27,67.5
2023-09-10,Orthopedics,35,17,48.6
2023-09-10,Neurology,30,23,76.7
2023-09-10,Oncology,45,22,48.9
2023-09-10,General Surgery,50,38,76.0
2023-09-10,Pediatrics,25,15,60.0
2023-09-10,ICU,20,10,50.0
2023-09-11,Emergency,30,15,50.0
2023-09-11,Cardiology,40,21,52.5
2023-09-11,Orthopedics,35,18,51.4
2023-09-11,Neurology,30,28,93.3
2023-09-11,Oncology,45,27,60.0
2023-09-11,General Surgery,50,36,72.0
2023-09-11,Pediatrics,25,22,88.0
2023-09-11,ICU,20,19,95.0
2023-09-12,Emergency,30,17,56.7
2023-09-12,Cardiology,40,33,82.5
2023-09-12,Orthopedics,35,24,68.6
2023-09-12,Neurology,30,27,90.0
2023-09-12,Oncology,45,40,88.9
2023-09-12,General Surgery,50,25,50.0
2023-09-12,Pediatrics,25,23,92.0
2023-09-12,ICU,20,19,95.0
2023-09-13,Emergency,30,19,63.3
2023-09-13,Cardiology,40,26,65.0
2023-09-13,Orthopedics,35,32,91.4
2023-09-13,Neurology,30,24,80.0
2023-09-13,Oncology,45,27,60.0
2023-09-13,General Surgery,50,41,82.0
2023-09-13,Pediatrics,25,23,92.0
2023-09-13,ICU,20,10,50.0
2023-09-14,Emergency,30,16,53.3
2023-09-14,Cardiology,40,25,62.5
2023-09-14,Orthopedics,35,32,91.4
2023-09-14,Neurology,30,29,96.7
2023-09-14,Oncology,45,42,93.3
2023-09-14,General Surgery,50,44,88.0
2023-09-14,Pediatrics,25,16,64.0
2023-09-14,ICU,20,18,90.0
2023-09-15,Emergency,30,29,96.7
2023-09-15,Cardiology,40,31,77.5
2023-09-15,Orthopedics,35,21,60.0
2023-09-15,Neurology,30,20,66.7
2023-09-15,Oncology,45,40,88.9
2023-09-15,General Surgery,50,39,78.0
2023-09-15,Pediatrics,25,20,80.0
2023-09-15,ICU,20,18,90.0
2023-09-16,Emergency,30,16,53.3
2023-09-16,Cardiology,40,31,77.5
2023-09-16,Orthopedics,35,25,71.4
2023-09-16,Neurology,30,20,66.7
2023-09-16,Oncology,45,28,62.2
2023-09-16,General Surgery,50,32,64.0
2023-09-16,Pediatrics,25,17,68.0
2023-09-16,ICU,20,12,60.0
2023-09-17,Emergency,30,26,86.7
2023-09-17,Cardiology,40,21,52.5
2023-09-17,Orthopedics,35,21,60.0
2023-09-17,Neurology,30,29,96.7
2023-09-17,Oncology,45,44,97.8
2023-09-17,General Surgery,50,35,70.0
2023-09-17,Pediatrics,25,15,60.0
2023-09-17,ICU,20,10,50.0
2023-09-18,Emergency,30,27,90.0
2023-09-18,Cardiology,40,31,77.5
2023-09-18,Orthopedics,35,25,71.4
2023-09-18,Neurology,30,24,80.0
2023-09-18,Oncology,45,30,66.7
2023-09-18,General Surgery,50,44,88.0
2023-09-18,Pediatrics,25,14,56.0
2023-09-18,ICU,20,17,85.0
2023-09-19,Emergency,30,26,86.7
2023-09-19,Cardiology,40,26,65.0
2023-09-19,Orthopedics,35,32,91.4
2023-09-19,Neurology,30,17,56.7
2023-09-19,Oncology,45,25,55.6
2023-09-19,General Surgery,50,48,96.0
2023-09-19,Pediatrics,25,25,100.0
2023-09-19,ICU,20,13,65.0
2023-09-20,Emergency,30,27,90.0
2023-09-20,Cardiology,40,29,72.5
2023-09-20,Orthopedics,35,24,68.6
2023-09-20,Neurology,30,19,63.3
2023-09-20,Oncology,45,23,51.1
2023-09-20,General Surgery,50,48,96.0
2023-09-20,Pediatrics,25,18,72.0
2023-09-20,ICU,20,18,90.0
2023-09-21,Emergency,30,30,100.0
2023-09-21,Cardiology,40,29,72.5
2023-09-21,Orthopedics,35,19,54.3
2023-09-21,Neurology,30,23,76.7
2023-09-21,Oncology,45,24,53.3
2023-09-21,General Surgery,50,48,96.0
2023-09-21,Pediatrics,25,13,52.0
2023-09-21,ICU,20,17,85.0
2023-09-22,Emergency,30,21,70.0
2023-09-22,Cardiology,40,39,97.5
2023-09-22,Orthopedics,35,30,85.7
2023-09-22,Neurology,30,15,50.0
2023-09-22,Oncology,45,29,64.4
2023-09-22,General Surgery,50,34,68.0
2023-09-22,Pediatrics,25,15,60.0
2023-09-22,ICU,20,20,100.0
2023-09-23,Emergency,30,26,86.7
2023-09-23,Cardiology,40,38,95.0
2023-09-23,Orthopedics,35,32,91.4
2023-09-23,Neurology,30,27,90.0
2023-09-23,Oncology,45,32,71.1
2023-09-23,General Surgery,50,45,90.0
2023-09-23,Pediatrics,25,13,52.0
2023-09-23,ICU,20,11,55.0
2023-09-24,Emergency,30,28,93.3
2023-09-24,Cardiology,40,40,100.0
2023-09-24,Orthopedics,35,24,68.6
2023-09-24,Neurology,30,29,96.7
2023-09-24,Oncology,45,27,60.0
2023-09-24,General Surgery,50,41,82.0
2023-09-24,Pediatrics,25,13,52.0
2023-09-24,ICU,20,14,70.0
2023-09-25,Emergency,30,22,73.3
2023-09-25,Cardiology,40,20,50.0
2023-09-25,Orthopedics,35,33,94.3
2023-09-25,Neurology,30,27,90.0
2023-09-25,Oncology,45,43,95.6
2023-09-25,General Surgery,50,45,90.0
2023-09-25,Pediatrics,25,22,88.0
2023-09-25,ICU,20,11,55.0
2023-09-26,Emergency,30,18,60.0
2023-09-26,Cardiology,40,28,70.0
2023-09-26,Orthopedics,35,26,74.3
2023-09-26,Neurology,30,19,63.3
2023-09-26,Oncology,45,39,86.7
2023-09-26,General Surgery,50,36,72.0
2023-09-26,Pediatrics,25,21,84.0
2023-09-26,ICU,20,14,70.0
2023-09-27,Emergency,30,22,73.3
2023-09-27,Cardiology,40,36,90.0
2023-09-27,Orthopedics,35,17,48.6
2023-09-27,Neurology,30,27,90.0
2023-09-27,Oncology,45,30,66.7
2023-09-27,General Surgery,50,37,74.0
2023-09-27,Pediatrics,25,25,100.0
2023-09-27,ICU,20,16,80.0
2023-09-28,Emergency,30,16,53.3
2023-09-28,Cardiology,40,40,100.0
2023-09-28,Orthopedics,35,33,94.3
2023-09-28,Neurology,30,23,76.7
2023-09-28,Oncology,45,28,62.2
2023-09-28,General Surgery,50,46,92.0
2023-09-28,Pediatrics,25,17,68.0
2023-09-28,ICU,20,17,85.0
2023-09-29,Emergency,30,18,60.0
2023-09-29,Cardiology,40,24,60.0
2023-09-29,Orthopedics,35,33,94.3
2023-09-29,Neurology,30,22,73.3
2023-09-29,Oncology,45,41,91.1
2023-09-29,General Surgery,50,48,96.0
2023-09-29,Pediatrics,25,25,100.0
2023-09-29,ICU,20,14,70.0
2023-09-30,Emergency,30,18,60.0
2023-09-30,Cardiology,40,38,95.0
2023-09-30,Orthopedics,35,18,51.4
2023-09-30,Neurology,30,23,76.7
2023-09-30,Oncology,45,27,60.0
2023-09-30,General Surgery,50,35,70.0
2023-09-30,Pediatrics,25,12,48.0
2023-09-30,ICU,20,19,95.0
2023-10-01,Emergency,30,25,83.3
2023-10-01,Cardiology,40,28,70.0
2023-10-01,Orthopedics,35,30,85.7
2023-10-01,Neurology,30,21,70.0
2023-10-01,Oncology,45,24,53.3
2023-10-01,General Surgery,50,28,56.0
2023-10-01,Pediatrics,25,21,84.0
2023-10-01,ICU,20,12,60.0
2023-10-02,Emergency,30,24,80.0
2023-10-02,Cardiology,40,25,62.5
2023-10-02,Orthopedics,35,33,94.3
2023-10-02,Neurology,30,18,60.0
2023-10-02,Oncology,45,33,73.3
2023-10-02,General Surgery,50,49,98.0
2023-10-02,Pediatrics,25,12,48.0
2023-10-02,ICU,20,20,100.0
2023-10-03,Emergency,30,26,86.7
2023-10-03,Cardiology,40,38,95.0
2023-10-03,Orthopedics,35,35,100.0
2023-10-03,Neurology,30,22,73.3
2023-10-03,Oncology,45,32,71.1
2023-10-03,General Surgery,50,38,76.0
2023-10-03,Pediatrics,25,19,76.0
2023-10-03,ICU,20,17,85.0
2023-10-04,Emergency,30,23,76.7
2023-10-04,Cardiology,40,32,80.0
2023-10-04,Orthopedics,35,31,88.6
2023-10-04,Neurology,30,18,60.0
2023-10-04,Oncology,45,26,57.8
2023-10-04,General Surgery,50,39,78.0
2023-10-04,Pediatrics,25,16,64.0
2023-10-04,ICU,20,16,80.0
2023-10-05,Emergency,30,24,80.0
2023-10-05,Cardiology,40,24,60.0
2023-10-05,Orthopedics,35,28,80.0
2023-10-05,Neurology,30,21,70.0
2023-10-05,Oncology,45,40,88.9
2023-10-05,General Surgery,50,32,64.0
2023-10-05,Pediatrics,25,21,84.0
2023-10-05,ICU,20,18,90.0
2023-10-06,Emergency,30,17,56.7
2023-10-06,Cardiology,40,36,90.0
2023-10-06,Orthopedics,35,20,57.1
2023-10-06,Neurology,30,19,63.3
2023-10-06,Oncology,45,45,100.0
2023-10-06,General Surgery,50,47,94.0
2023-10-06,Pediatrics,25,13,52.0
2023-10-06,ICU,20,19,95.0
2023-10-07,Emergency,30,19,63.3
2023-10-07,Cardiology,40,34,85.0
2023-10-07,Orthopedics,35,24,68.6
2023-10-07,Neurology,30,25,83.3
2023-10-07,Oncology,45,36,80.0
2023-10-07,General Surgery,50,30,60.0
2023-10-07,Pediatrics,25,23,92.0
2023-10-07,ICU,20,11,55.0
2023-10-08,Emergency,30,22,73.3
2023-10-08,Cardiology,40,22,55.0
2023-10-08,Orthopedics,35,19,54.3
2023-10-08,Neurology,30,27,90.0
2023-10-08,Oncology,45,45,100.0
2023-10-08,General Surgery,50,44,88.0
2023-10-08,Pediatrics,25,12,48.0
2023-10-08,ICU,20,18,90.0
2023-10-09,Emergency,30,22,73.3
2023-10-09,Cardiology,40,21,52.5
2023-10-09,Orthopedics,35,34,97.1
2023-10-09,Neurology,30,23,76.7
2023-10-09,Oncology,45,27,60.0
2023-10-09,General Surgery,50,37,74.0
2023-10-09,Pediatrics,25,23,92.0
2023-10-09,ICU,20,15,75.0
2023-10-10,Emergency,30,29,96.7
2023-10-10,Cardiology,40,20,50.0
2023-10-10,Orthopedics,35,21,60.0
2023-10-10,Neurology,30,27,90.0
2023-10-10,Oncology,45,34,75.6
2023-10-10,General Surgery,50,33,66.0
2023-10-10,Pediatrics,25,12,48.0
2023-10-10,ICU,20,16,80.0
2023-10-11,Emergency,30,30,100.0
2023-10-11,Cardiology,40,26,65.0
2023-10-11,Orthopedics,35,18,51.4
2023-10-11,Neurology,30,19,63.3
2023-10-11,Oncology,45,33,73.3
2023-10-11,General Surgery,50,40,80.0
2023-10-11,Pediatrics,25,14,56.0
2023-10-11,ICU,20,16,80.0
2023-10-12,Emergency,30,16,53.3
2023-10-12,Cardiology,40,30,75.0
2023-10-12,Orthopedics,35,25,71.4
2023-10-12,Neurology,30,23,76.7
2023-10-12,Oncology,45,27,60.0
2023-10-12,General Surgery,50,48,96.0
2023-10-12,Pediatrics,25,13,52.0
2023-10-12,ICU,20,15,75.0
2023-10-13,Emergency,30,25,83.3
2023-10-13,Cardiology,40,30,75.0
2023-10-13,Orthopedics,35,35,100.0
2023-10-13,Neurology,30,22,73.3
2023-10-13,Oncology,45,29,64.4
2023-10-13,General Surgery,50,35,70.0
2023-10-13,Pediatrics,25,21,84.0
2023-10-13,ICU,20,15,75.0
2023-10-14,Emergency,30,23,76.7
2023-10-14,Cardiology,40,39,97.5
2023-10-14,Orthopedics,35,24,68.6
2023-10-14,Neurology,30,20,66.7
2023-10-14,Oncology,45,35,77.8
2023-10-14,General Surgery,50,40,80.0
2023-10-14,Pediatrics,25,16,64.0
2023-10-14,ICU,20,20,100.0
2023-10-15,Emergency,30,28,93.3
2023-10-15,Cardiology,40,27,67.5
2023-10-15,Orthopedics,35,28,80.0
2023-10-15,Neurology,30,18,60.0
2023-10-15,Oncology,45,26,57.8
2023-10-15,General Surgery,50,30,60.0
2023-10-15,Pediatrics,25,15,60.0
2023-10-15,ICU,20,12,60.0
2023-10-16,Emergency,30,28,93.3
2023-10-16,Cardiology,40,20,50.0
2023-10-16,Orthopedics,35,30,85.7
2023-10-16,Neurology,30,24,80.0
2023-10-16,Oncology,45,29,64.4
2023-10-16,General Surgery,50,26,52.0
2023-10-16,Pediatrics,25,19,76.0
2023-10-16,ICU,20,11,55.0
2023-10-17,Emergency,30,17,56.7
2023-10-17,Cardiology,40,29,72.5
2023-10-17,Orthopedics,35,32,91.4
2023-10-17,Neurology,30,22,73.3
2023-10-17,Oncology,45,31,68.9
2023-10-17,General Surgery,50,41,82.0
2023-10-17,Pediatrics,25,17,68.0
2023-10-17,ICU,20,15,75.0
2023-10-18,Emergency,30,25,83.3
2023-10-18,Cardiology,40,37,92.5
2023-10-18,Orthopedics,35,24,68.6
2023-10-18,Neurology,30,21,70.0
2023-10-18,Oncology,45,41,91.1
2023-10-18,General Surgery,50,37,74.0
2023-10-18,Pediatrics,25,12,48.0
2023-10-18,ICU,20,12,60.0
2023-10-19,Emergency,30,30,100.0
2023-10-19,Cardiology,40,38,95.0
2023-10-19,Orthopedics,35,29,82.9
2023-10-19,Neurology,30,25,83.3
2023-10-19,Oncology,45,33,73.3
2023-10-19,General Surgery,50,44,88.0
2023-10-19,Pediatrics,25,13,52.0
2023-10-19,ICU,20,16,80.0
2023-10-20,Emergency,30,30,100.0
2023-10-20,Cardiology,40,40,100.0
2023-10-20,Orthopedics,35,31,88.6
2023-10-20,Neurology,30,29,96.7
2023-10-20,Oncology,45,22,48.9
2023-10-20,General Surgery,50,45,90.0
2023-10-20,Pediatrics,25,13,52.0
2023-10-20,ICU,20,13,65.0
2023-10-21,Emergency,30,20,66.7
2023-10-21,Cardiology,40,38,95.0
2023-10-21,Orthopedics,35,23,65.7
2023-10-21,Neurology,30,19,63.3
2023-10-21,Oncology,45,41,91.1
2023-10-21,General Surgery,50,39,78.0
2023-10-21,Pediatrics,25,16,64.0
2023-10-21,ICU,20,14,70.0
2023-10-22,Emergency,30,29,96.7
2023-10-22,Cardiology,40,36,90.0
2023-10-22,Orthopedics,35,22,62.9
2023-10-22,Neurology,30,25,83.3
2023-10-22,Oncology,45,30,66.7
2023-10-22,General Surgery,50,28,56.0
2023-10-22,Pediatrics,25,13,52.0
2023-10-22,ICU,20,20,100.0
2023-10-23,Emergency,30,15,50.0
2023-10-23,Cardiology,40,30,75.0
2023-10-23,Orthopedics,35,26,74.3
2023-10-23,Neurology,30,17,56.7
2023-10-23,Oncology,45,35,77.8
2023-10-23,General Surgery,50,29,58.0
2023-10-23,Pediatrics,25,15,60.0
2023-10-23,ICU,20,11,55.0
2023-10-24,Emergency,30,24,80.0
2023-10-24,Cardiology,40,26,65.0
2023-10-24,Orthopedics,35,20,57.1
2023-10-24,Neurology,30,20,66.7
2023-10-24,Oncology,45,27,60.0
2023-10-24,General Surgery,50,33,66.0
2023-10-24,Pediatrics,25,16,64.0
2023-10-24,ICU,20,11,55.0
2023-10-25,Emergency,30,18,60.0
2023-10-25,Cardiology,40,29,72.5
2023-10-25,Orthopedics,35,22,62.9
2023-10-25,Neurology,30,19,63.3
2023-10-25,Oncology,45,23,51.1
2023-10-25,General Surgery,50,35,70.0
2023-10-25,Pediatrics,25,19,76.0
2023-10-25,ICU,20,16,80.0
2023-10-26,Emergency,30,27,90.0
2023-10-26,Cardiology,40,31,77.5
2023-10-26,Orthopedics,35,31,88.6
2023-10-26,Neurology,30,29,96.7
2023-10-26,Oncology,45,29,64.4
2023-10-26,General Surgery,50,29,58.0
2023-10-26,Pediatrics,25,18,72.0
2023-10-26,ICU,20,14,70.0
2023-10-27,Emergency,30,20,66.7
2023-10-27,Cardiology,40,34,85.0
2023-10-27,Orthopedics,35,28,80.0
2023-10-27,Neurology,30,25,83.3
2023-10-27,Oncology,45,22,48.9
2023-10-27,General Surgery,50,34,68.0
2023-10-27,Pediatrics,25,22,88.0
2023-10-27,ICU,20,20,100.0
2023-10-28,Emergency,30,30,100.0
2023-10-28,Cardiology,40,32,80.0
2023-10-28,Orthopedics,35,31,88.6
2023-10-28,Neurology,30,25,83.3
2023-10-28,Oncology,45,40,88.9
2023-10-28,General Surgery,50,43,86.0
2023-10-28,Pediatrics,25,20,80.0
2023-10-28,ICU,20,19,95.0
2023-10-29,Emergency,30,19,63.3
2023-10-29,Cardiology,40,30,75.0
2023-10-29,Orthopedics,35,29,82.9
2023-10-29,Neurology,30,18,60.0
2023-10-29,Oncology,45,28,62.2
2023-10-29,General Surgery,50,44,88.0
2023-10-29,Pediatrics,25,13,52.0
2023-10-29,ICU,20,18,90.0
2023-10-30,Emergency,30,20,66.7
2023-10-30,Cardiology,40,24,60.0
2023-10-30,Orthopedics,35,30,85.7
2023-10-30,Neurology,30,19,63.3
2023-10-30,Oncology,45,43,95.6
2023-10-30,General Surgery,50,36,72.0
2023-10-30,Pediatrics,25,19,76.0
2023-10-30,ICU,20,13,65.0
2023-10-31,Emergency,30,17,56.7
2023-10-31,Cardiology,40,30,75.0
2023-10-31,Orthopedics,35,20,57.1
2023-10-31,Neurology,30,23,76.7
2023-10-31,Oncology,45,32,71.1
2023-10-31,General Surgery,50,29,58.0
2023-10-31,Pediatrics,25,22,88.0
2023-10-31,ICU,20,17,85.0
2023-11-01,Emergency,30,24,80.0
2023-11-01,Cardiology,40,22,55.0
2023-11-01,Orthopedics,35,25,71.4
2023-11-01,Neurology,30,19,63.3
2023-11-01,Oncology,45,25,55.6
2023-11-01,General Surgery,50,34,68.0
2023-11-01,Pediatrics,25,23,92.0
2023-11-01,ICU,20,16,80.0
2023-11-02,Emergency,30,22,73.3
2023-11-02,Cardiology,40,38,95.0
2023-11-02,Orthopedics,35,23,65.7
2023-11-02,Neurology,30,23,76.7
2023-11-02,Oncology,45,36,80.0
2023-11-02,General Surgery,50,40,80.0
2023-11-02,Pediatrics,25,24,96.0
2023-11-02,ICU,20,11,55.0
2023-11-03,Emergency,30,19,63.3
2023-11-03,Cardiology,40,38,95.0
2023-11-03,Orthopedics,35,24,68.6
2023-11-03,Neurology,30,20,66.7
2023-11-03,Oncology,45,22,48.9
2023-11-03,General Surgery,50,38,76.0
2023-11-03,Pediatrics,25,19,76.0
2023-11-03,ICU,20,14,70.0
2023-11-04,Emergency,30,22,73.3
2023-11-04,Cardiology,40,39,97.5
2023-11-04,Orthopedics,35,27,77.1
2023-11-04,Neurology,30,25,83.3
2023-11-04,Oncology,45,23,51.1
2023-11-04,General Surgery,50,28,56.0
2023-11-04,Pediatrics,25,22,88.0
2023-11-04,ICU,20,20,100.0
2023-11-05,Emergency,30,25,83.3
2023-11-05,Cardiology,40,35,87.5
2023-11-05,Orthopedics,35,31,88.6
2023-11-05,Neurology,30,22,73.3
2023-11-05,Oncology,45,42,93.3
2023-11-05,General Surgery,50,48,96.0
2023-11-05,Pediatrics,25,22,88.0
2023-11-05,ICU,20,19,95.0
2023-11-06,Emergency,30,19,63.3
2023-11-06,Cardiology,40,38,95.0
2023-11-06,Orthopedics,35,27,77.1
2023-11-06,Neurology,30,23,76.7
2023-11-06,Oncology,45,43,95.6
2023-11-06,General Surgery,50,36,72.0
2023-11-06,Pediatrics,25,16,64.0
2023-11-06,ICU,20,16,80.0
2023-11-07,Emergency,30,23,76.7
2023-11-07,Cardiology,40,33,82.5
2023-11-07,Orthopedics,35,19,54.3
2023-11-07,Neurology,30,16,53.3
2023-11-07,Oncology,45,44,97.8
2023-11-07,General Surgery,50,35,70.0
2023-11-07,Pediatrics,25,21,84.0
2023-11-07,ICU,20,17,85.0
2023-11-08,Emergency,30,27,90.0
2023-11-08,Cardiology,40,20,50.0
2023-11-08,Orthopedics,35,25,71.4
2023-11-08,Neurology,30,19,63.3
2023-11-08,Oncology,45,35,77.8
2023-11-08,General Surgery,50,44,88.0
2023-11-08,Pediatrics,25,19,76.0
2023-11-08,ICU,20,12,60.0
2023-11-09,Emergency,30,22,73.3
2023-11-09,Cardiology,40,23,57.5
2023-11-09,Orthopedics,35,21,60.0
2023-11-09,Neurology,30,29,96.7
2023-11-09,Oncology,45,24,53.3
2023-11-09,General Surgery,50,38,76.0
2023-11-09,Pediatrics,25,16,64.0
2023-11-09,ICU,20,12,60.0
2023-11-10,Emergency,30,30,100.0
2023-11-10,Cardiology,40,38,95.0
2023-11-10,Orthopedics,35,23,65.7
2023-11-10,Neurology,30,16,53.3
2023-11-10,Oncology,45,38,84.4
2023-11-10,General Surgery,50,32,64.0
2023-11-10,Pediatrics,25,25,100.0
2023-11-10,ICU,20,12,60.0
2023-11-11,Emergency,30,26,86.7
2023-11-11,Cardiology,40,24,60.0
2023-11-11,Orthopedics,35,28,80.0
2023-11-11,Neurology,30,21,70.0
2023-11-11,Oncology,45,29,64.4
2023-11-11,General Surgery,50,32,64.0
2023-11-11,Pediatrics,25,12,48.0
2023-11-11,ICU,20,20,100.0
2023-11-12,Emergency,30,30,100.0
2023-11-12,Cardiology,40,26,65.0
2023-11-12,Orthopedics,35,33,94.3
2023-11-12,Neurology,30,20,66.7
2023-11-12,Oncology,45,23,51.1
2023-11-12,General Surgery,50,25,50.0
2023-11-12,Pediatrics,25,22,88.0
2023-11-12,ICU,20,15,75.0
2023-11-13,Emergency,30,21,70.0
2023-11-13,Cardiology,40,32,80.0
2023-11-13,Orthopedics,35,28,80.0
2023-11-13,Neurology,30,25,83.3
2023-11-13,Oncology,45,24,53.3
2023-11-13,General Surgery,50,43,86.0
2023-11-13,Pediatrics,25,25,100.0
2023-11-13,ICU,20,15,75.0
2023-11-14,Emergency,30,26,86.7
2023-11-14,Cardiology,40,39,97.5
2023-11-14,Orthopedics,35,19,54.3
2023-11-14,Neurology,30,22,73.3
2023-11-14,Oncology,45,36,80.0
2023-11-14,General Surgery,50,32,64.0
2023-11-14,Pediatrics,25,20,80.0
2023-11-14,ICU,20,15,75.0
2023-11-15,Emergency,30,26,86.7
2023-11-15,Cardiology,40,33,82.5
2023-11-15,Orthopedics,35,33,94.3
2023-11-15,Neurology,30,25,83.3
2023-11-15,Oncology,45,28,62.2
2023-11-15,General Surgery,50,36,72.0
2023-11-15,Pediatrics,25,17,68.0
2023-11-15,ICU,20,13,65.0
2023-11-16,Emergency,30,25,83.3
2023-11-16,Cardiology,40,22,55.0
2023-11-16,Orthopedics,35,30,85.7
2023-11-16,Neurology,30,26,86.7
2023-11-16,Oncology,45,40,88.9
2023-11-16,General Surgery,50,34,68.0
2023-11-16,Pediatrics,25,12,48.0
2023-11-16,ICU,20,14,70.0
2023-11-17,Emergency,30,15,50.0
2023-11-17,Cardiology,40,40,100.0
2023-11-17,Orthopedics,35,31,88.6
2023-11-17,Neurology,30,24,80.0
2023-11-17,Oncology,45,23,51.1
2023-11-17,General Surgery,50,33,66.0
2023-11-17,Pediatrics,25,25,100.0
2023-11-17,ICU,20,13,65.0
2023-11-18,Emergency,30,16,53.3
2023-11-18,Cardiology,40,20,50.0
2023-11-18,Orthopedics,35,26,74.3
2023-11-18,Neurology,30,17,56.7
2023-11-18,Oncology,45,26,57.8
2023-11-18,General Surgery,50,33,66.0
2023-11-18,Pediatrics,25,16,64.0
2023-11-18,ICU,20,17,85.0
2023-11-19,Emergency,30,29,96.7
2023-11-19,Cardiology,40,38,95.0
2023-11-19,Orthopedics,35,35,100.0
2023-11-19,Neurology,30,22,73.3
2023-11-19,Oncology,45,24,53.3
2023-11-19,General Surgery,50,33,66.0
2023-11-19,Pediatrics,25,16,64.0
2023-11-19,ICU,20,19,95.0
2023-11-20,Emergency,30,26,86.7
2023-11-20,Cardiology,40,33,82.5
2023-11-20,Orthopedics,35,28,80.0
2023-11-20,Neurology,30,30,100.0
2023-11-20,Oncology,45,44,97.8
2023-11-20,General Surgery,50,46,92.0
2023-11-20,Pediatrics,25,16,64.0
2023-11-20,ICU,20,19,95.0
2023-11-21,Emergency,30,25,83.3
2023-11-21,Cardiology,40,33,82.5
2023-11-21,Orthopedics,35,25,71.4
2023-11-21,Neurology,30,16,53.3
2023-11-21,Oncology,45,29,64.4
2023-11-21,General Surgery,50,47,94.0
2023-11-21,Pediatrics,25,21,84.0
2023-11-21,ICU,20,11,55.0
2023-11-22,Emergency,30,23,76.7
2023-11-22,Cardiology,40,38,95.0
2023-11-22,Orthopedics,35,24,68.6
2023-11-22,Neurology,30,24,80.0
2023-11-22,Oncology,45,28,62.2
2023-11-22,General Surgery,50,38,76.0
2023-11-22,Pediatrics,25,15,60.0
2023-11-22,ICU,20,19,95.0
2023-11-23,Emergency,30,27,90.0
2023-11-23,Cardiology,40,21,52.5
2023-11-23,Orthopedics,35,22,62.9
2023-11-23,Neurology,30,16,53.3
2023-11-23,Oncology,45,42,93.3
2023-11-23,General Surgery,50,50,100.0
2023-11-23,Pediatrics,25,14,56.0
2023-11-23,ICU,20,12,60.0
2023-11-24,Emergency,30,27,90.0
2023-11-24,Cardiology,40,40,100.0
2023-11-24,Orthopedics,35,19,54.3
2023-11-24,Neurology,30,20,66.7
2023-11-24,Oncology,45,39,86.7
2023-11-24,General Surgery,50,40,80.0
2023-11-24,Pediatrics,25,17,68.0
2023-11-24,ICU,20,18,90.0
2023-11-25,Emergency,30,24,80.0
2023-11-25,Cardiology,40,25,62.5
2023-11-25,Orthopedics,35,24,68.6
2023-11-25,Neurology,30,16,53.3
2023-11-25,Oncology,45,34,75.6
2023-11-25,General Surgery,50,30,60.0
2023-11-25,Pediatrics,25,18,72.0
2023-11-25,ICU,20,18,90.0
2023-11-26,Emergency,30,27,90.0
2023-11-26,Cardiology,40,32,80.0
2023-11-26,Orthopedics,35,20,57.1
2023-11-26,Neurology,30,28,93.3
2023-11-26,Oncology,45,24,53.3
2023-11-26,General Surgery,50,41,82.0
2023-11-26,Pediatrics,25,21,84.0
2023-11-26,ICU,20,19,95.0
2023-11-27,Emergency,30,26,86.7
2023-11-27,Cardiology,40,39,97.5
2023-11-27,Orthopedics,35,22,62.9
2023-11-27,Neurology,30,26,86.7
2023-11-27,Oncology,45,27,60.0
2023-11-27,General Surgery,50,40,80.0
2023-11-27,Pediatrics,25,13,52.0
2023-11-27,ICU,20,10,50.0
2023-11-28,Emergency,30,29,96.7
2023-11-28,Cardiology,40,38,95.0
2023-11-28,Orthopedics,35,34,97.1
2023-11-28,Neurology,30,24,80.0
2023-11-28,Oncology,45,34,75.6
2023-11-28,General Surgery,50,32,64.0
2023-11-28,Pediatrics,25,13,52.0
2023-11-28,ICU,20,18,90.0
2023-11-29,Emergency,30,20,66.7
2023-11-29,Cardiology,40,20,50.0
2023-11-29,Orthopedics,35,33,94.3
2023-11-29,Neurology,30,19,63.3
2023-11-29,Oncology,45,44,97.8
2023-11-29,General Surgery,50,39,78.0
2023-11-29,Pediatrics,25,12,48.0
2023-11-29,ICU,20,20,100.0
2023-11-30,Emergency,30,21,70.0
2023-11-30,Cardiology,40,32,80.0
2023-11-30,Orthopedics,35,31,88.6
2023-11-30,Neurology,30,20,66.7
2023-11-30,Oncology,45,41,91.1
2023-11-30,General Surgery,50,25,50.0
2023-11-30,Pediatrics,25,24,96.0
2023-11-30,ICU,20,18,90.0
2023-12-01,Emergency,30,22,73.3
2023-12-01,Cardiology,40,24,60.0
2023-12-01,Orthopedics,35,35,100.0
2023-12-01,Neurology,30,27,90.0
2023-12-01,Oncology,45,32,71.1
2023-12-01,General Surgery,50,29,58.0
2023-12-01,Pediatrics,25,12,48.0
2023-12-01,ICU,20,14,70.0
2023-12-02,Emergency,30,16,53.3
2023-12-02,Cardiology,40,37,92.5
2023-12-02,Orthopedics,35,31,88.6
2023-12-02,Neurology,30,16,53.3
2023-12-02,Oncology,45,44,97.8
2023-12-02,General Surgery,50,49,98.0
2023-12-02,Pediatrics,25,18,72.0
2023-12-02,ICU,20,10,50.0
2023-12-03,Emergency,30,19,63.3
2023-12-03,Cardiology,40,38,95.0
2023-12-03,Orthopedics,35,32,91.4
2023-12-03,Neurology,30,15,50.0
2023-12-03,Oncology,45,32,71.1
2023-12-03,General Surgery,50,36,72.0
2023-12-03,Pediatrics,25,21,84.0
2023-12-03,ICU,20,15,75.0
2023-12-04,Emergency,30,30,100.0
2023-12-04,Cardiology,40,26,65.0
2023-12-04,Orthopedics,35,34,97.1
2023-12-04,Neurology,30,18,60.0
2023-12-04,Oncology,45,34,75.6
2023-12-04,General Surgery,50,45,90.0
2023-12-04,Pediatrics,25,16,64.0
2023-12-04,ICU,20,16,80.0
2023-12-05,Emergency,30,29,96.7
2023-12-05,Cardiology,40,29,72.5
2023-12-05,Orthopedics,35,34,97.1
2023-12-05,Neurology,30,15,50.0
2023-12-05,Oncology,45,27,60.0
2023-12-05,General Surgery,50,31,62.0
2023-12-05,Pediatrics,25,14,56.0
2023-12-05,ICU,20,20,100.0
2023-12-06,Emergency,30,21,70.0
2023-12-06,Cardiology,40,35,87.5
2023-12-06,Orthopedics,35,27,77.1
2023-12-06,Neurology,30,21,70.0
2023-12-06,Oncology,45,24,53.3
2023-12-06,General Surgery,50,27,54.0
2023-12-06,Pediatrics,25,12,48.0
2023-12-06,ICU,20,19,95.0
2023-12-07,Emergency,30,24,80.0
2023-12-07,Cardiology,40,26,65.0
2023-12-07,Orthopedics,35,27,77.1
2023-12-07,Neurology,30,20,66.7
2023-12-07,Oncology,45,26,57.8
2023-12-07,General Surgery,50,35,70.0
2023-12-07,Pediatrics,25,25,100.0
2023-12-07,ICU,20,15,75.0
2023-12-08,Emergency,30,24,80.0
2023-12-08,Cardiology,40,40,100.0
2023-12-08,Orthopedics,35,20,57.1
2023-12-08,Neurology,30,24,80.0
2023-12-08,Oncology,45,35,77.8
2023-12-08,General Surgery,50,26,52.0
2023-12-08,Pediatrics,25,14,56.0
2023-12-08,ICU,20,13,65.0
2023-12-09,Emergency,30,17,56.7
2023-12-09,Cardiology,40,22,55.0
2023-12-09,Orthopedics,35,27,77.1
2023-12-09,Neurology,30,27,90.0
2023-12-09,Oncology,45,28,62.2
2023-12-09,General Surgery,50,28,56.0
2023-12-09,Pediatrics,25,19,76.0
2023-12-09,ICU,20,10,50.0
2023-12-10,Emergency,30,27,90.0
2023-12-10,Cardiology,40,23,57.5
2023-12-10,Orthopedics,35,19,54.3
2023-12-10,Neurology,30,28,93.3
2023-12-10,Oncology,45,44,97.8
2023-12-10,General Surgery,50,44,88.0
2023-12-10,Pediatrics,25,15,60.0
2023-12-10,ICU,20,17,85.0
2023-12-11,Emergency,30,18,60.0
2023-12-11,Cardiology,40,36,90.0
2023-12-11,Orthopedics,35,30,85.7
2023-12-11,Neurology,30,27,90.0
2023-12-11,Oncology,45,24,53.3
2023-12-11,General Surgery,50,31,62.0
2023-12-11,Pediatrics,25,14,56.0
2023-12-11,ICU,20,11,55.0
2023-12-12,Emergency,30,18,60.0
2023-12-12,Cardiology,40,24,60.0
2023-12-12,Orthopedics,35,29,82.9
2023-12-12,Neurology,30,24,80.0
2023-12-12,Oncology,45,37,82.2
2023-12-12,General Surgery,50,40,80.0
2023-12-12,Pediatrics,25,20,80.0
2023-12-12,ICU,20,20,100.0
2023-12-13,Emergency,30,26,86.7
2023-12-13,Cardiology,40,25,62.5
2023-12-13,Orthopedics,35,33,94.3
2023-12-13,Neurology,30,21,70.0
2023-12-13,Oncology,45,42,93.3
2023-12-13,General Surgery,50,33,66.0
2023-12-13,Pediatrics,25,18,72.0
2023-12-13,ICU,20,11,55.0
2023-12-14,Emergency,30,26,86.7
2023-12-14,Cardiology,40,26,65.0
2023-12-14,Orthopedics,35,28,80.0
2023-12-14,Neurology,30,23,76.7
2023-12-14,Oncology,45,22,48.9
2023-12-14,General Surgery,50,40,80.0
2023-12-14,Pediatrics,25,20,80.0
2023-12-14,ICU,20,16,80.0
2023-12-15,Emergency,30,30,100.0
2023-12-15,Cardiology,40,26,65.0
2023-12-15,Orthopedics,35,20,57.1
2023-12-15,Neurology,30,27,90.0
2023-12-15,Oncology,45,43,95.6
2023-12-15,General Surgery,50,32,64.0
2023-12-15,Pediatrics,25,24,96.0
2023-12-15,ICU,20,10,50.0
2023-12-16,Emergency,30,24,80.0
2023-12-16,Cardiology,40,27,67.5
2023-12-16,Orthopedics,35,20,57.1
2023-12-16,Neurology,30,27,90.0
2023-12-16,Oncology,45,27,60.0
2023-12-16,General Surgery,50,32,64.0
2023-12-16,Pediatrics,25,23,92.0
2023-12-16,ICU,20,11,55.0
2023-12-17,Emergency,30,18,60.0
2023-12-17,Cardiology,40,28,70.0
2023-12-17,Orthopedics,35,23,65.7
2023-12-17,Neurology,30,18,60.0
2023-12-17,Oncology,45,28,62.2
2023-12-17,General Surgery,50,45,90.0
2023-12-17,Pediatrics,25,19,76.0
2023-12-17,ICU,20,11,55.0
2023-12-18,Emergency,30,30,100.0
2023-12-18,Cardiology,40,27,67.5
2023-12-18,Orthopedics,35,31,88.6
2023-12-18,Neurology,30,20,66.7
2023-12-18,Oncology,45,23,51.1
2023-12-18,General Surgery,50,36,72.0
2023-12-18,Pediatrics,25,25,100.0
2023-12-18,ICU,20,12,60.0
2023-12-19,Emergency,30,20,66.7
2023-12-19,Cardiology,40,23,57.5
2023-12-19,Orthopedics,35,35,100.0
2023-12-19,Neurology,30,23,76.7
2023-12-19,Oncology,45,30,66.7
2023-12-19,General Surgery,50,35,70.0
2023-12-19,Pediatrics,25,12,48.0
2023-12-19,ICU,20,15,75.0
2023-12-20,Emergency,30,16,53.3
2023-12-20,Cardiology,40,39,97.5
2023-12-20,Orthopedics,35,27,77.1
2023-12-20,Neurology,30,18,60.0
2023-12-20,Oncology,45,27,60.0
2023-12-20,General Surgery,50,34,68.0
2023-12-20,Pediatrics,25,24,96.0
2023-12-20,ICU,20,16,80.0
2023-12-21,Emergency,30,26,86.7
2023-12-21,Cardiology,40,34,85.0
2023-12-21,Orthopedics,35,28,80.0
2023-12-21,Neurology,30,20,66.7
2023-12-21,Oncology,45,39,86.7
2023-12-21,General Surgery,50,49,98.0
2023-12-21,Pediatrics,25,19,76.0
2023-12-21,ICU,20,11,55.0
2023-12-22,Emergency,30,28,93.3
2023-12-22,Cardiology,40,20,50.0
2023-12-22,Orthopedics,35,29,82.9
2023-12-22,Neurology,30,29,96.7
2023-12-22,Oncology,45,34,75.6
2023-12-22,General Surgery,50,25,50.0
2023-12-22,Pediatrics,25,24,96.0
2023-12-22,ICU,20,12,60.0
2023-12-23,Emergency,30,15,50.0
2023-12-23,Cardiology,40,31,77.5
2023-12-23,Orthopedics,35,21,60.0
2023-12-23,Neurology,30,27,90.0
2023-12-23,Oncology,45,29,64.4
2023-12-23,General Surgery,50,25,50.0
2023-12-23,Pediatrics,25,22,88.0
2023-12-23,ICU,20,12,60.0
2023-12-24,Emergency,30,25,83.3
2023-12-24,Cardiology,40,32,80.0
2023-12-24,Orthopedics,35,25,71.4
2023-12-24,Neurology,30,23,76.7
2023-12-24,Oncology,45,36,80.0
2023-12-24,General Surgery,50,50,100.0
2023-12-24,Pediatrics,25,16,64.0
2023-12-24,ICU,20,20,100.0
2023-12-25,Emergency,30,26,86.7
2023-12-25,Cardiology,40,20,50.0
2023-12-25,Orthopedics,35,23,65.7
2023-12-25,Neurology,30,26,86.7
2023-12-25,Oncology,45,36,80.0
2023-12-25,General Surgery,50,37,74.0
2023-12-25,Pediatrics,25,18,72.0
2023-12-25,ICU,20,10,50.0
2023-12-26,Emergency,30,18,60.0
2023-12-26,Cardiology,40,20,50.0
2023-12-26,Orthopedics,35,25,71.4
2023-12-26,Neurology,30,24,80.0
2023-12-26,Oncology,45,22,48.9
2023-12-26,General Surgery,50,40,80.0
2023-12-26,Pediatrics,25,15,60.0
2023-12-26,ICU,20,18,90.0
2023-12-27,Emergency,30,27,90.0
2023-12-27,Cardiology,40,25,62.5
2023-12-27,Orthopedics,35,30,85.7
2023-12-27,Neurology,30,19,63.3
2023-12-27,Oncology,45,30,66.7
2023-12-27,General Surgery,50,35,70.0
2023-12-27,Pediatrics,25,23,92.0
2023-12-27,ICU,20,14,70.0
2023-12-28,Emergency,30,23,76.7
2023-12-28,Cardiology,40,40,100.0
2023-12-28,Orthopedics,35,35,100.0
2023-12-28,Neurology,30,29,96.7
2023-12-28,Oncology,45,29,64.4
2023-12-28,General Surgery,50,43,86.0
2023-12-28,Pediatrics,25,18,72.0
2023-12-28,ICU,20,19,95.0
2023-12-29,Emergency,30,22,73.3
2023-12-29,Cardiology,40,30,75.0
2023-12-29,Orthopedics,35,21,60.0
2023-12-29,Neurology,30,28,93.3
2023-12-29,Oncology,45,27,60.0
2023-12-29,General Surgery,50,36,72.0
2023-12-29,Pediatrics,25,12,48.0
2023-12-29,ICU,20,11,55.0
2023-12-30,Emergency,30,29,96.7
2023-12-30,Cardiology,40,29,72.5
2023-12-30,Orthopedics,35,26,74.3
2023-12-30,Neurology,30,21,70.0
2023-12-30,Oncology,45,24,53.3
2023-12-30,General Surgery,50,26,52.0
2023-12-30,Pediatrics,25,23,92.0
2023-12-30,ICU,20,11,55.0
2023-12-31,Emergency,30,16,53.3
2023-12-31,Cardiology,40,23,57.5
2023-12-31,Orthopedics,35,31,88.6
2023-12-31,Neurology,30,24,80.0
2023-12-31,Oncology,45,31,68.9
2023-12-31,General Surgery,50,26,52.0
2023-12-31,Pediatrics,25,22,88.0
2023-12-31,ICU,20,17,85.0
